"age","gender","value","quant","n"
"[20,21)","female",-243,0,27624
"[20,21)","female",2,0.000036200405444541,27624
"[20,21)","female",5,0.183137851143933,27624
"[20,21)","female",5.5,0.500289603243556,27624
"[20,21)","female",6,0.78196495800753,27624
"[20,21)","female",6.5,0.88567911960614,27624
"[20,21)","female",7,0.96452360266435,27624
"[20,21)","female",7.5,0.980198378221836,27624
"[20,21)","female",8,0.997321169997104,27624
"[20,21)","female",8.5,0.999275991891109,27624
"[20,21)","female",9,1,27624
"[20,21)","male",-243,0,11576
"[20,21)","male",5,0.116793365583967,11576
"[20,21)","male",5.5,0.407999308914997,11576
"[20,21)","male",6,0.755096751900484,11576
"[20,21)","male",6.5,0.877591568762958,11576
"[20,21)","male",7,0.960521769177609,11576
"[20,21)","male",7.5,0.977885279889426,11576
"[20,21)","male",8,0.996458189357291,11576
"[20,21)","male",8.5,0.998963372494817,11576
"[20,21)","male",9,1,11576
"[21,22)","female",-243,0,39004
"[21,22)","female",3,0.0000256383960619424,39004
"[21,22)","female",5,0.18598092503333,39004
"[21,22)","female",5.5,0.504896933647831,39004
"[21,22)","female",6,0.78576556250641,39004
"[21,22)","female",6.5,0.885755307147985,39004
"[21,22)","female",7,0.96608040201005,39004
"[21,22)","female",7.5,0.98113014049841,39004
"[21,22)","female",8,0.997384883601682,39004
"[21,22)","female",8.5,0.999051379345708,39004
"[21,22)","female",9,1,39004
"[21,22)","male",-243,0,17061
"[21,22)","male",5,0.132700310650021,17061
"[21,22)","male",5.5,0.444112302913077,17061
"[21,22)","male",6,0.780083230760213,17061
"[21,22)","male",6.5,0.89185862493406,17061
"[21,22)","male",7,0.965359592052049,17061
"[21,22)","male",7.5,0.980657640232108,17061
"[21,22)","male",8,0.997831311177539,17061
"[21,22)","male",8.5,0.99917941504015,17061
"[21,22)","male",9,1,17061
"[22,23)","female",-243,0,40970
"[22,23)","female",5,0.188284110324628,40970
"[22,23)","female",5.5,0.518037588479375,40970
"[22,23)","female",6,0.790529655845741,40970
"[22,23)","female",6.5,0.891091042226019,40970
"[22,23)","female",7,0.968635587014889,40970
"[22,23)","female",7.5,0.982670246521845,40970
"[22,23)","female",8,0.997119843788138,40970
"[22,23)","female",8.5,0.998999267756895,40970
"[22,23)","female",9,1,40970
"[22,23)","male",-243,0,25452
"[22,23)","male",0,0.0000392896432500393,25452
"[22,23)","male",5,0.142778563570643,25452
"[22,23)","male",5.5,0.467861071821468,25452
"[22,23)","male",6,0.791647021845042,25452
"[22,23)","male",6.5,0.8998114097124,25452
"[22,23)","male",7,0.96994342291372,25452
"[22,23)","male",7.5,0.982830425899733,25452
"[22,23)","male",8,0.998114097123998,25452
"[22,23)","male",8.5,0.999292786421499,25452
"[22,23)","male",9,1,25452
"[23,24)","female",-243,0,40554
"[23,24)","female",2,0.0000493169601025793,40554
"[23,24)","female",5,0.196971938649702,40554
"[23,24)","female",5.5,0.525768111653598,40554
"[23,24)","female",6,0.794101691571732,40554
"[23,24)","female",6.5,0.893179464417813,40554
"[23,24)","female",7,0.968461804014401,40554
"[23,24)","female",7.5,0.981851358682251,40554
"[23,24)","female",8,0.997484835034768,40554
"[23,24)","female",8.5,0.999112294718154,40554
"[23,24)","female",9,1,40554
"[23,24)","male",-243,0,28479
"[23,24)","male",5,0.142631412619825,28479
"[23,24)","male",5.5,0.475086906141367,28479
"[23,24)","male",6,0.795849573369851,28479
"[23,24)","male",6.5,0.898135468239756,28479
"[23,24)","male",7,0.968889357070122,28479
"[23,24)","male",7.5,0.982337862986762,28479
"[23,24)","male",8,0.997471821342041,28479
"[23,24)","male",8.5,0.999192387373152,28479
"[23,24)","male",9,1,28479
"[24,25)","female",-243,0,40444
"[24,25)","female",5,0.198125803580259,40444
"[24,25)","female",5.5,0.524972801898922,40444
"[24,25)","female",6,0.791316388092177,40444
"[24,25)","female",6.5,0.891034516862823,40444
"[24,25)","female",7,0.967733161902878,40444
"[24,25)","female",7.5,0.982345959845713,40444
"[24,25)","female",8,0.997626347542281,40444
"[24,25)","female",8.5,0.999258233606963,40444
"[24,25)","female",9,1,40444
"[24,25)","male",-243,0,29090
"[24,25)","male",5,0.146888965280165,29090
"[24,25)","male",5.5,0.482124441388793,29090
"[24,25)","male",6,0.789687177724304,29090
"[24,25)","male",6.5,0.894602956342386,29090
"[24,25)","male",7,0.966655207975249,29090
"[24,25)","male",7.5,0.981540048126504,29090
"[24,25)","male",8,0.998384324510141,29090
"[24,25)","male",8.5,0.999209350292197,29090
"[24,25)","male",9,1,29090
"[25,26)","female",-243,0,40024
"[25,26)","female",5,0.204802118728763,40024
"[25,26)","female",5.5,0.532705376773936,40024
"[25,26)","female",6,0.788951629022586,40024
"[25,26)","female",6.5,0.887867279632221,40024
"[25,26)","female",7,0.966769938037178,40024
"[25,26)","female",7.5,0.981161303218069,40024
"[25,26)","female",8,0.997726364181491,40024
"[25,26)","female",8.5,0.999175494703178,40024
"[25,26)","female",9,1,40024
"[25,26)","male",-243,0,29322
"[25,26)","male",5,0.152172430257145,29322
"[25,26)","male",5.5,0.492940454266421,29322
"[25,26)","male",6,0.792476638701317,29322
"[25,26)","male",6.5,0.897039765363891,29322
"[25,26)","male",7,0.968385512584408,29322
"[25,26)","male",7.5,0.983527726621649,29322
"[25,26)","male",8,0.998158379373849,29322
"[25,26)","male",8.5,0.999147397858263,29322
"[25,26)","male",9,1,29322
"[26,27)","female",-243,0,40047
"[26,27)","female",5,0.21062751267261,40047
"[26,27)","female",5.5,0.535420880465453,40047
"[26,27)","female",6,0.791544934701726,40047
"[26,27)","female",6.5,0.887507179064599,40047
"[26,27)","female",7,0.967188553449697,40047
"[26,27)","female",7.5,0.981521711988414,40047
"[26,27)","female",8,0.997003520862986,40047
"[26,27)","female",8.5,0.998726496366769,40047
"[26,27)","female",9,1,40047
"[26,27)","male",-243,0,30226
"[26,27)","male",5,0.156156950969364,30226
"[26,27)","male",5.5,0.503043737179911,30226
"[26,27)","male",6,0.797558393436115,30226
"[26,27)","male",6.5,0.897538542976246,30226
"[26,27)","male",7,0.970290478396083,30226
"[26,27)","male",7.5,0.983193277310924,30226
"[26,27)","male",8,0.998081122212665,30226
"[26,27)","male",8.5,0.999205981605241,30226
"[26,27)","male",9,1,30226
"[27,28)","female",-243,0,39508
"[27,28)","female",5,0.210742128176572,39508
"[27,28)","female",5.5,0.543155816543485,39508
"[27,28)","female",6,0.794623873645844,39508
"[27,28)","female",6.5,0.889516047382809,39508
"[27,28)","female",7,0.967399007795889,39508
"[27,28)","female",7.5,0.981775842867267,39508
"[27,28)","female",8,0.997899159663866,39508
"[27,28)","female",8.5,0.999341905436874,39508
"[27,28)","female",9,1,39508
"[27,28)","male",-243,0,30998
"[27,28)","male",2,0.0000322601458158591,30998
"[27,28)","male",5,0.162365313891219,30998
"[27,28)","male",5.5,0.505806826246855,30998
"[27,28)","male",6,0.796632040776824,30998
"[27,28)","male",6.5,0.895928769598039,30998
"[27,28)","male",7,0.970836828182463,30998
"[27,28)","male",7.5,0.984386089425124,30998
"[27,28)","male",8,0.998161171688496,30998
"[27,28)","male",8.5,0.999096715917156,30998
"[27,28)","male",9,1,30998
"[28,29)","female",-243,0,38932
"[28,29)","female",5,0.215760813726497,38932
"[28,29)","female",5.5,0.542638446522141,38932
"[28,29)","female",6,0.791148669474982,38932
"[28,29)","female",6.5,0.886854001849378,38932
"[28,29)","female",7,0.965914928593445,38932
"[28,29)","female",7.5,0.981557587588616,38932
"[28,29)","female",8,0.998099249974314,38932
"[28,29)","female",8.5,0.999280797287578,38932
"[28,29)","female",9,1,38932
"[28,29)","male",-243,0,32355
"[28,29)","male",0,0.0000309071240921032,32355
"[28,29)","male",5,0.170823674857055,32355
"[28,29)","male",5.5,0.517199814557255,32355
"[28,29)","male",6,0.799876371503632,32355
"[28,29)","male",6.5,0.89874826147427,32355
"[28,29)","male",7,0.968165662185134,32355
"[28,29)","male",7.5,0.983124710245712,32355
"[28,29)","male",8,0.997991036934013,32355
"[28,29)","male",8.5,0.999196414773605,32355
"[28,29)","male",9,1,32355
"[29,30)","female",-243,0,38628
"[29,30)","female",5,0.221264367816092,38628
"[29,30)","female",5.5,0.547556176866522,38628
"[29,30)","female",6,0.79201615408512,38628
"[29,30)","female",6.5,0.8862483172828,38628
"[29,30)","female",7,0.967096406751579,38628
"[29,30)","female",7.5,0.98164543854199,38628
"[29,30)","female",8,0.997851299575438,38628
"[29,30)","female",8.5,0.999378689033862,38628
"[29,30)","female",9,1,38628
"[29,30)","male",-243,0,32598
"[29,30)","male",5,0.179244125406467,32598
"[29,30)","male",5.5,0.527977176513897,32598
"[29,30)","male",6,0.801000061353457,32598
"[29,30)","male",6.5,0.900055218111541,32598
"[29,30)","male",7,0.970212896496718,32598
"[29,30)","male",7.5,0.983495919995092,32598
"[29,30)","male",8,0.998067366096079,32598
"[29,30)","male",8.5,0.999263758512792,32598
"[29,30)","male",9,1,32598
"[30,31)","female",-243,0,37280
"[30,31)","female",5,0.224356223175966,37280
"[30,31)","female",5.5,0.549624463519313,37280
"[30,31)","female",6,0.789538626609442,37280
"[30,31)","female",6.5,0.886212446351931,37280
"[30,31)","female",7,0.966040772532189,37280
"[30,31)","female",7.5,0.980928111587983,37280
"[30,31)","female",8,0.997263948497854,37280
"[30,31)","female",8.5,0.999168454935622,37280
"[30,31)","female",9,1,37280
"[30,31)","male",-243,0,33152
"[30,31)","male",5,0.176761583011583,33152
"[30,31)","male",5.5,0.52793194980695,33152
"[30,31)","male",6,0.799318291505792,33152
"[30,31)","male",6.5,0.897592905405405,33152
"[30,31)","male",7,0.969956563706564,33152
"[30,31)","male",7.5,0.984163851351351,33152
"[30,31)","male",8,0.998371138996139,33152
"[30,31)","male",8.5,0.999366554054054,33152
"[30,31)","male",9,1,33152
"[31,32)","female",-243,0,37113
"[31,32)","female",5,0.226335785304341,37113
"[31,32)","female",5.5,0.545873413628648,37113
"[31,32)","female",6,0.791798022256352,37113
"[31,32)","female",6.5,0.88772128364724,37113
"[31,32)","female",7,0.964998787486864,37113
"[31,32)","female",7.5,0.98019561878587,37113
"[31,32)","female",8,0.997548028992536,37113
"[31,32)","female",8.5,0.999137768436936,37113
"[31,32)","female",9,1,37113
"[31,32)","male",-243,0,33210
"[31,32)","male",5,0.182926829268293,33210
"[31,32)","male",5.5,0.531767539897621,33210
"[31,32)","male",6,0.800933453778982,33210
"[31,32)","male",6.5,0.897831978319783,33210
"[31,32)","male",7,0.969647696476965,33210
"[31,32)","male",7.5,0.98319783197832,33210
"[31,32)","male",8,0.99867509786209,33210
"[31,32)","male",8.5,0.999548328816621,33210
"[31,32)","male",9,1,33210
"[32,33)","female",-243,0,35738
"[32,33)","female",5,0.227377021657619,35738
"[32,33)","female",5.5,0.54913537411159,35738
"[32,33)","female",6,0.793748950696737,35738
"[32,33)","female",6.5,0.890088980916671,35738
"[32,33)","female",7,0.965722760087302,35738
"[32,33)","female",7.5,0.982259779506408,35738
"[32,33)","female",8,0.997873412054396,35738
"[32,33)","female",8.5,0.999384408752588,35738
"[32,33)","female",9,1,35738
"[32,33)","male",-243,0,32858
"[32,33)","male",5,0.187199464361799,32858
"[32,33)","male",5.5,0.539503317304766,32858
"[32,33)","male",6,0.804948566559133,32858
"[32,33)","male",6.5,0.9005112910098,32858
"[32,33)","male",7,0.970113823117658,32858
"[32,33)","male",7.5,0.983200438249437,32858
"[32,33)","male",8,0.998417432588715,32858
"[32,33)","male",8.5,0.999482622192465,32858
"[32,33)","male",9,1,32858
"[33,34)","female",-243,0,35709
"[33,34)","female",5,0.224453219076423,35709
"[33,34)","female",5.5,0.543784480103055,35709
"[33,34)","female",6,0.785656277129015,35709
"[33,34)","female",6.5,0.885967123134224,35709
"[33,34)","female",7,0.966563051331597,35709
"[33,34)","female",7.5,0.981769301856675,35709
"[33,34)","female",8,0.997703660141701,35709
"[33,34)","female",8.5,0.999327900529278,35709
"[33,34)","female",9,1,35709
"[33,34)","male",-243,0,32215
"[33,34)","male",5,0.192891510166072,32215
"[33,34)","male",5.5,0.542231879559212,32215
"[33,34)","male",5.8,0.542262920999534,32215
"[33,34)","male",6,0.80043458016452,32215
"[33,34)","male",6.5,0.896911376687878,32215
"[33,34)","male",7,0.970138134409437,32215
"[33,34)","male",7.5,0.984479279838584,32215
"[33,34)","male",8,0.998416886543536,32215
"[33,34)","male",8.5,0.999379171193543,32215
"[33,34)","male",9,1,32215
"[34,35)","female",-243,0,35405
"[34,35)","female",5,0.22965682813162,35405
"[34,35)","female",5.5,0.548058183872334,35405
"[34,35)","female",6,0.785058607541308,35405
"[34,35)","female",6.5,0.885891823188815,35405
"[34,35)","female",7,0.96508967659935,35405
"[34,35)","female",7.5,0.981641011156616,35405
"[34,35)","female",8,0.99759920915125,35405
"[34,35)","female",8.5,0.999237395848044,35405
"[34,35)","female",9,1,35405
"[34,35)","male",-243,0,31746
"[34,35)","male",5,0.204372204372204,31746
"[34,35)","male",5.5,0.548793548793549,31746
"[34,35)","male",6,0.801140301140301,31746
"[34,35)","male",6.5,0.898695898695899,31746
"[34,35)","male",7,0.970641970641971,31746
"[34,35)","male",7.5,0.985037485037485,31746
"[34,35)","male",8,0.998645498645499,31746
"[34,35)","male",8.5,0.9996534996535,31746
"[34,35)","male",9,1,31746
"[35,36)","female",-243,0,36006
"[35,36)","female",2,0.0000277731489196245,36006
"[35,36)","female",5,0.22929511748042,36006
"[35,36)","female",5.5,0.547742042992835,36006
"[35,36)","female",6,0.786341165361329,36006
"[35,36)","female",6.5,0.8860745431317,36006
"[35,36)","female",7,0.966227850913737,36006
"[35,36)","female",7.4,0.966255624062656,36006
"[35,36)","female",7.5,0.983141698605788,36006
"[35,36)","female",8,0.997972560128867,36006
"[35,36)","female",8.5,0.999305671277009,36006
"[35,36)","female",9,0.99997222685108,36006
"[35,36)","female",53,1,36006
"[35,36)","male",-243,0,32393
"[35,36)","male",0,0.0000308708671626586,32393
"[35,36)","male",1,0.0000617417343253172,32393
"[35,36)","male",5,0.196863519896274,32393
"[35,36)","male",5.5,0.545920414904455,32393
"[35,36)","male",6,0.804649152594696,32393
"[35,36)","male",6.5,0.900842774673541,32393
"[35,36)","male",7,0.97132096440589,32393
"[35,36)","male",7.5,0.985058500293273,32393
"[35,36)","male",8,0.998796036180656,32393
"[35,36)","male",8.5,0.999413453523909,32393
"[35,36)","male",9,1,32393
"[36,37)","female",-243,0,35139
"[36,37)","female",0,0.0000284584080366544,35139
"[36,37)","female",5,0.2322206095791,35139
"[36,37)","female",5.5,0.549474942371724,35139
"[36,37)","female",6,0.785679729075956,35139
"[36,37)","female",6.5,0.886080992629272,35139
"[36,37)","female",7,0.966219869660491,35139
"[36,37)","female",7.5,0.982355787017274,35139
"[36,37)","female",8,0.998064828253507,35139
"[36,37)","female",8.5,0.999516207063377,35139
"[36,37)","female",9,1,35139
"[36,37)","male",-243,0,31288
"[36,37)","male",5,0.206117361288673,31288
"[36,37)","male",5.5,0.559096139094861,31288
"[36,37)","male",6,0.807721810278701,31288
"[36,37)","male",6.5,0.901975198159039,31288
"[36,37)","male",7,0.97177831756584,31288
"[36,37)","male",7.5,0.986288672973664,31288
"[36,37)","male",8,0.9986576323191,31288
"[36,37)","male",8.5,0.999680388647405,31288
"[36,37)","male",9,1,31288
"[37,38)","female",-243,0,35089
"[37,38)","female",0,0.0000284989597879677,35089
"[37,38)","female",2,0.0000569979195759355,35089
"[37,38)","female",3,0.0000854968793639032,35089
"[37,38)","female",5,0.236598364159708,35089
"[37,38)","female",5.5,0.546040069537462,35089
"[37,38)","female",6,0.782866425375474,35089
"[37,38)","female",6.5,0.882213799196329,35089
"[37,38)","female",7,0.966542221208926,35089
"[37,38)","female",7.5,0.982074154293368,35089
"[37,38)","female",8,0.998062070734418,35089
"[37,38)","female",8.5,0.999430020804241,35089
"[37,38)","female",9,1,35089
"[37,38)","male",-243,0,30555
"[37,38)","male",5,0.208803796432662,30555
"[37,38)","male",5.5,0.55473735886107,30555
"[37,38)","male",6,0.807920144002618,30555
"[37,38)","male",6.5,0.90335460644739,30555
"[37,38)","male",7,0.973392243495336,30555
"[37,38)","male",7.5,0.986679757813778,30555
"[37,38)","male",8,0.999214531173294,30555
"[37,38)","male",8.5,0.999738177057765,30555
"[37,38)","male",9,1,30555
"[38,39)","female",-243,0,35167
"[38,39)","female",5,0.236670742457417,35167
"[38,39)","female",5.5,0.546648846930361,35167
"[38,39)","female",6,0.780276964199391,35167
"[38,39)","female",6.5,0.884238064094179,35167
"[38,39)","female",7,0.96601927943811,35167
"[38,39)","female",7.5,0.982142349361617,35167
"[38,39)","female",8,0.998464469531094,35167
"[38,39)","female",8.5,0.999687206756334,35167
"[38,39)","female",9,1,35167
"[38,39)","male",-243,0,29714
"[38,39)","male",5,0.211920306926028,29714
"[38,39)","male",5.5,0.555428417580938,29714
"[38,39)","male",6,0.806286598909605,29714
"[38,39)","male",6.5,0.902335599380763,29714
"[38,39)","male",7,0.971865114087635,29714
"[38,39)","male",7.5,0.985797940364811,29714
"[38,39)","male",8,0.998788449888941,29714
"[38,39)","male",8.5,0.999629804132732,29714
"[38,39)","male",9,1,29714
"[39,40)","female",-243,0,34649
"[39,40)","female",2,0.0000288608617853329,34649
"[39,40)","female",5,0.241738578313948,34649
"[39,40)","female",5.5,0.54134318450749,34649
"[39,40)","female",6,0.775635660480822,34649
"[39,40)","female",6.5,0.880689197379434,34649
"[39,40)","female",7,0.965511270166527,34649
"[39,40)","female",7.5,0.98175993535167,34649
"[39,40)","female",8,0.9978354353661,34649
"[39,40)","female",8.5,0.999509365349649,34649
"[39,40)","female",9,1,34649
"[39,40)","male",-243,0,29306
"[39,40)","male",5,0.221899952228213,29306
"[39,40)","male",5.5,0.561216133215041,29306
"[39,40)","male",6,0.805056984917764,29306
"[39,40)","male",6.5,0.900429946086126,29306
"[39,40)","male",7,0.970279123728929,29306
"[39,40)","male",7.5,0.985736709206306,29306
"[39,40)","male",8,0.998362110148092,29306
"[39,40)","male",8.5,0.999488159421279,29306
"[39,40)","male",9,1,29306
"[40,41)","female",-243,0,35537
"[40,41)","female",5,0.245743872583505,35537
"[40,41)","female",5.5,0.541013591468047,35537
"[40,41)","female",6,0.777893463151082,35537
"[40,41)","female",6.5,0.880828432338127,35537
"[40,41)","female",7,0.964347018600332,35537
"[40,41)","female",7.5,0.982300137884458,35537
"[40,41)","female",8,0.998396037932296,35537
"[40,41)","female",8.5,0.999183949123449,35537
"[40,41)","female",9,1,35537
"[40,41)","male",-243,0,30360
"[40,41)","male",5,0.218511198945982,30360
"[40,41)","male",5.5,0.561857707509881,30360
"[40,41)","male",6,0.8066534914361,30360
"[40,41)","male",6.5,0.901679841897233,30360
"[40,41)","male",7,0.973715415019763,30360
"[40,41)","male",7.5,0.987549407114624,30360
"[40,41)","male",8,0.998945981554677,30360
"[40,41)","male",8.5,0.999703557312253,30360
"[40,41)","male",9,1,30360
"[41,42)","female",-243,0,34668
"[41,42)","female",2,0.0000288450444213684,34668
"[41,42)","female",5,0.241202261451483,34668
"[41,42)","female",5.5,0.533258336217838,34668
"[41,42)","female",6,0.77108572747202,34668
"[41,42)","female",6.5,0.877350871120342,34668
"[41,42)","female",7,0.964030229606554,34668
"[41,42)","female",7.5,0.981308411214953,34668
"[41,42)","female",8,0.998182762201454,34668
"[41,42)","female",8.5,0.999278873889466,34668
"[41,42)","female",9,1,34668
"[41,42)","male",-243,0,28939
"[41,42)","male",5,0.219945402398148,28939
"[41,42)","male",5.5,0.551504889595356,28939
"[41,42)","male",6,0.805487404540585,28939
"[41,42)","male",6.5,0.900894986005045,28939
"[41,42)","male",7,0.971629980303397,28939
"[41,42)","male",7.5,0.985935934206434,28939
"[41,42)","male",8,0.99847956045475,28939
"[41,42)","male",8.5,0.999585334669477,28939
"[41,42)","male",9,1,28939
"[42,43)","female",-243,0,34510
"[42,43)","female",2,0.0000289771080846132,34510
"[42,43)","female",5,0.249290060851927,34510
"[42,43)","female",5.5,0.541929875398435,34510
"[42,43)","female",6,0.778093306288033,34510
"[42,43)","female",6.5,0.883338162851348,34510
"[42,43)","female",7,0.966241669081426,34510
"[42,43)","female",7.5,0.982729643581571,34510
"[42,43)","female",8,0.9981164879745,34510
"[42,43)","female",8.5,0.999420457838308,34510
"[42,43)","female",9,1,34510
"[42,43)","male",-243,0,28394
"[42,43)","male",2,0.000035218708177784,28394
"[42,43)","male",5,0.227970698034796,28394
"[42,43)","male",5.5,0.559202648446855,28394
"[42,43)","male",6,0.804219201239699,28394
"[42,43)","male",6.5,0.902303303514827,28394
"[42,43)","male",7,0.974008593364795,28394
"[42,43)","male",7.5,0.987497358596887,28394
"[42,43)","male",8,0.998873001338311,28394
"[42,43)","male",8.5,0.999471719377333,28394
"[42,43)","male",9,1,28394
"[43,44)","female",-243,0,34506
"[43,44)","female",1,0.0000289804671651307,34506
"[43,44)","female",5,0.254999130585985,34506
"[43,44)","female",5.5,0.534515736393671,34506
"[43,44)","female",6,0.775140555265751,34506
"[43,44)","female",6.5,0.881209065090129,34506
"[43,44)","female",7,0.966411638555613,34506
"[43,44)","female",7.5,0.982090071291949,34506
"[43,44)","female",8,0.997652582159624,34506
"[43,44)","female",8.5,0.999130585985046,34506
"[43,44)","female",9,1,34506
"[43,44)","male",-243,0,27587
"[43,44)","male",5,0.227353463587922,27587
"[43,44)","male",5.5,0.555515278935731,27587
"[43,44)","male",6,0.805053104723239,27587
"[43,44)","male",6.5,0.900677855511654,27587
"[43,44)","male",7,0.973574509732845,27587
"[43,44)","male",7.5,0.986696632471816,27587
"[43,44)","male",8,0.999130025011781,27587
"[43,44)","male",8.5,0.999637510421575,27587
"[43,44)","male",9,1,27587
"[44,45)","female",-243,0,34327
"[44,45)","female",3,0.0000582631747603927,34327
"[44,45)","female",5,0.26253386547033,34327
"[44,45)","female",5.5,0.538439129548169,34327
"[44,45)","female",6,0.77003524922073,34327
"[44,45)","female",6.5,0.874501121566114,34327
"[44,45)","female",7,0.964080752760218,34327
"[44,45)","female",7.5,0.980569231217409,34327
"[44,45)","female",8,0.997815130946485,34327
"[44,45)","female",8.5,0.999271710315495,34327
"[44,45)","female",9,1,34327
"[44,45)","male",-243,0,26702
"[44,45)","male",5,0.235750131076324,26702
"[44,45)","male",5.5,0.561530971462812,26702
"[44,45)","male",6,0.806606246723092,26702
"[44,45)","male",6.5,0.90000749007565,26702
"[44,45)","male",7,0.974571193169051,26702
"[44,45)","male",7.5,0.987866077447382,26702
"[44,45)","male",8,0.999101190922028,26702
"[44,45)","male",8.5,0.999662946595761,26702
"[44,45)","male",9,1,26702
"[45,46)","female",-243,0,34743
"[45,46)","female",1,0.0000287827763866103,34743
"[45,46)","female",4,0.0000575655527732205,34743
"[45,46)","female",5,0.264974239415134,34743
"[45,46)","female",5.5,0.539677057248942,34743
"[45,46)","female",6,0.766370204069885,34743
"[45,46)","female",6.5,0.871686382868491,34743
"[45,46)","female",7,0.963359525659845,34743
"[45,46)","female",7.5,0.981694154218116,34743
"[45,46)","female",8,0.997898857323777,34743
"[45,46)","female",8.5,0.999395561695881,34743
"[45,46)","female",9,1,34743
"[45,46)","male",-243,0,26653
"[45,46)","male",5,0.23880989006866,26653
"[45,46)","male",5.5,0.555622256406408,26653
"[45,46)","male",6,0.801373203766931,26653
"[45,46)","male",6.5,0.898698082767418,26653
"[45,46)","male",7,0.972911116947436,26653
"[45,46)","male",7.5,0.986568116159532,26653
"[45,46)","male",8,0.998911942370465,26653
"[45,46)","male",8.5,0.999699846171163,26653
"[45,46)","male",9,1,26653
"[46,47)","female",-243,0,34871
"[46,47)","female",5,0.265951650368501,34871
"[46,47)","female",5.3,0.265980327492759,34871
"[46,47)","female",5.5,0.53703650597918,34871
"[46,47)","female",6,0.772561727509965,34871
"[46,47)","female",6.5,0.871669868945542,34871
"[46,47)","female",7,0.963866823434946,34871
"[46,47)","female",7.5,0.98098706661696,34871
"[46,47)","female",8,0.998336726793037,34871
"[46,47)","female",8.5,0.999627197384646,34871
"[46,47)","female",9,1,34871
"[46,47)","male",-243,0,26277
"[46,47)","male",0.2,0.0000380560946835636,26277
"[46,47)","male",2,0.0000761121893671272,26277
"[46,47)","male",5,0.23910644289683,26277
"[46,47)","male",5.5,0.562507135517753,26277
"[46,47)","male",6,0.805913917113826,26277
"[46,47)","male",6.5,0.901396658674887,26277
"[46,47)","male",7,0.97575826768657,26277
"[46,47)","male",7.5,0.988126498458728,26277
"[46,47)","male",8,0.999086653727595,26277
"[46,47)","male",8.5,0.999733607337215,26277
"[46,47)","male",9,1,26277
"[47,48)","female",-243,0,34971
"[47,48)","female",0,0.0000285951216722427,34971
"[47,48)","female",3,0.0000571902433444854,34971
"[47,48)","female",5,0.274198621715135,34971
"[47,48)","female",5.5,0.541648794715622,34971
"[47,48)","female",6,0.771667953447142,34971
"[47,48)","female",6.5,0.873866918303737,34971
"[47,48)","female",7,0.966572302765148,34971
"[47,48)","female",7.5,0.982299619684882,34971
"[47,48)","female",8,0.998198507334649,34971
"[47,48)","female",8.5,0.999456692688227,34971
"[47,48)","female",9,1,34971
"[47,48)","male",-243,0,26405
"[47,48)","male",1,0.0000378716152243893,26405
"[47,48)","male",5,0.245067222117023,26405
"[47,48)","male",5.5,0.554364703654611,26405
"[47,48)","male",6,0.798257905699678,26405
"[47,48)","male",6.5,0.896345389130847,26405
"[47,48)","male",7,0.974020071956069,26405
"[47,48)","male",7.5,0.985457299753835,26405
"[47,48)","male",8,0.999015338004166,26405
"[47,48)","male",8.5,0.999772770308654,26405
"[47,48)","male",9,1,26405
"[48,49)","female",-243,0,34858
"[48,49)","female",0,0.0000286878191519881,34858
"[48,49)","female",2,0.0000573756383039761,34858
"[48,49)","female",5,0.283378277583338,34858
"[48,49)","female",5.5,0.541941591600207,34858
"[48,49)","female",6,0.771558896092719,34858
"[48,49)","female",6.5,0.871851511848069,34858
"[48,49)","female",7,0.965976246485742,34858
"[48,49)","female",7.5,0.981266854093752,34858
"[48,49)","female",8,0.998278730850881,34858
"[48,49)","female",8.5,0.99942624361696,34858
"[48,49)","female",9,1,34858
"[48,49)","male",-243,0,26125
"[48,49)","male",5,0.251215311004785,26125
"[48,49)","male",5.5,0.555062200956938,26125
"[48,49)","male",6,0.798545454545454,26125
"[48,49)","male",6.5,0.896612440191388,26125
"[48,49)","male",7,0.973894736842105,26125
"[48,49)","male",7.5,0.987177033492823,26125
"[48,49)","male",8,0.999311004784689,26125
"[48,49)","male",8.5,0.999808612440191,26125
"[48,49)","male",9,1,26125
"[49,50)","female",-243,0,35412
"[49,50)","female",3,0.000028239015023156,35412
"[49,50)","female",5,0.293318649045521,35412
"[49,50)","female",5.5,0.548288715689597,35412
"[49,50)","female",6,0.772082909748108,35412
"[49,50)","female",6.5,0.872359652095335,35412
"[49,50)","female",7,0.966141420987236,35412
"[49,50)","female",7.5,0.981672879249972,35412
"[49,50)","female",8,0.998531571218796,35412
"[49,50)","female",8.5,0.999632892804699,35412
"[49,50)","female",9,1,35412
"[49,50)","male",-243,0,26402
"[49,50)","male",5,0.253844405726839,26402
"[49,50)","male",5.5,0.555260965078403,26402
"[49,50)","male",6,0.796568441784713,26402
"[49,50)","male",6.5,0.896182107416105,26402
"[49,50)","male",7,0.976138171350655,26402
"[49,50)","male",7.5,0.98852359669722,26402
"[49,50)","male",8,0.999280357548671,26402
"[49,50)","male",8.5,0.999734868570563,26402
"[49,50)","male",9,1,26402
"[50,51)","female",-243,0,35622
"[50,51)","female",5,0.29274044130032,35622
"[50,51)","female",5.5,0.545196788501488,35622
"[50,51)","female",6,0.763938015832912,35622
"[50,51)","female",6.5,0.869687271910617,35622
"[50,51)","female",7,0.965919937117512,35622
"[50,51)","female",7.5,0.980573802706193,35622
"[50,51)","female",8,0.998905170961765,35622
"[50,51)","female",8.5,0.999578911908371,35622
"[50,51)","female",9,1,35622
"[50,51)","male",-243,0,26876
"[50,51)","male",5,0.256176514362256,26876
"[50,51)","male",5.5,0.552946867093318,26876
"[50,51)","male",6,0.795616907277869,26876
"[50,51)","male",6.5,0.89187379074267,26876
"[50,51)","male",7,0.974512576276232,26876
"[50,51)","male",7.5,0.986121446643846,26876
"[50,51)","male",8,0.999032594136032,26876
"[50,51)","male",8.5,0.999702336657241,26876
"[50,51)","male",9,1,26876
"[51,52)","female",-243,0,35983
"[51,52)","female",3,0.0000277909012589278,35983
"[51,52)","female",5,0.306783758997304,35983
"[51,52)","female",5.5,0.555067670844565,35983
"[51,52)","female",6,0.768084928994247,35983
"[51,52)","female",6.5,0.868187755328905,35983
"[51,52)","female",7,0.964399855487313,35983
"[51,52)","female",7.5,0.980157296501126,35983
"[51,52)","female",8,0.998249173220687,35983
"[51,52)","female",8.5,0.999333018369786,35983
"[51,52)","female",9,1,35983
"[51,52)","male",-243,0,26418
"[51,52)","male",5,0.256453932924521,26418
"[51,52)","male",5.5,0.551631463396169,26418
"[51,52)","male",6,0.793852676205617,26418
"[51,52)","male",6.5,0.896017866606102,26418
"[51,52)","male",7,0.97456279809221,26418
"[51,52)","male",7.5,0.986789310318722,26418
"[51,52)","male",8,0.99931864637747,26418
"[51,52)","male",8.5,0.999810735104853,26418
"[51,52)","male",9,1,26418
"[52,53)","female",-243,0,36942
"[52,53)","female",0,0.0000270694602349629,36942
"[52,53)","female",5,0.307617346110119,36942
"[52,53)","female",5.5,0.545070651291213,36942
"[52,53)","female",6,0.765659682745926,36942
"[52,53)","female",6.5,0.865545991012939,36942
"[52,53)","female",7,0.965188674137838,36942
"[52,53)","female",7.5,0.980564127551297,36942
"[52,53)","female",8,0.998673596448487,36942
"[52,53)","female",8.5,0.999566888636241,36942
"[52,53)","female",9,1,36942
"[52,53)","male",-243,0,26611
"[52,53)","male",5,0.25932884897223,26611
"[52,53)","male",5.5,0.548231934162564,26611
"[52,53)","male",6,0.790011649317951,26611
"[52,53)","male",6.5,0.892638382623727,26611
"[52,53)","male",7,0.974371500507309,26611
"[52,53)","male",7.5,0.986208710683552,26611
"[52,53)","male",8,0.999361166434933,26611
"[52,53)","male",8.5,0.999887264664988,26611
"[52,53)","male",9,1,26611
"[53,54)","female",-243,0,36803
"[53,54)","female",5,0.31125180012499,36803
"[53,54)","female",5.5,0.544575170502405,36803
"[53,54)","female",6,0.762111784365405,36803
"[53,54)","female",6.5,0.864005651713176,36803
"[53,54)","female",7,0.967339619052795,36803
"[53,54)","female",7.5,0.981441730293726,36803
"[53,54)","female",8,0.998668586799989,36803
"[53,54)","female",8.5,0.99953808113469,36803
"[53,54)","female",9,1,36803
"[53,54)","male",-243,0,26837
"[53,54)","male",5,0.263889406416515,26837
"[53,54)","male",5.5,0.544062302045683,26837
"[53,54)","male",6,0.783507843648694,26837
"[53,54)","male",6.5,0.886090099489511,26837
"[53,54)","male",7,0.973804821701382,26837
"[53,54)","male",7.5,0.986399373998584,26837
"[53,54)","male",8,0.999292022208146,26837
"[53,54)","male",8.5,0.99970190408764,26837
"[53,54)","male",9,1,26837
"[54,55)","female",-243,0,37216
"[54,55)","female",2,0.0000268701633705933,37216
"[54,55)","female",5,0.316073731728289,37216
"[54,55)","female",5.5,0.545894239036973,37216
"[54,55)","female",6,0.76131233877902,37216
"[54,55)","female",6.5,0.86006018916595,37216
"[54,55)","female",7,0.964746345657782,37216
"[54,55)","female",7.5,0.980196689595873,37216
"[54,55)","female",8,0.998495270851247,37216
"[54,55)","female",8.5,0.999301375752365,37216
"[54,55)","female",9,1,37216
"[54,55)","male",-243,0,27357
"[54,55)","male",5,0.263698504953029,27357
"[54,55)","male",5.5,0.544028950542823,27357
"[54,55)","male",6,0.785173812918083,27357
"[54,55)","male",6.5,0.889644332346383,27357
"[54,55)","male",7,0.972109514932193,27357
"[54,55)","male",7.5,0.985122637716124,27357
"[54,55)","male",8,0.999049603392185,27357
"[54,55)","male",8.5,0.999561355411778,27357
"[54,55)","male",9,1,27357
"[55,56)","female",-243,0,37191
"[55,56)","female",2,0.0000268882256459896,37191
"[55,56)","female",3,0.0000537764512919793,37191
"[55,56)","female",5,0.313220940550133,37191
"[55,56)","female",5.5,0.546368745126509,37191
"[55,56)","female",6,0.758382404345137,37191
"[55,56)","female",6.5,0.862009625984781,37191
"[55,56)","female",7,0.964050442311312,37191
"[55,56)","female",7.5,0.979134736898712,37191
"[55,56)","female",8,0.9986555887177,37191
"[55,56)","female",8.5,0.999542900164018,37191
"[55,56)","female",9,1,37191
"[55,56)","male",-243,0,27497
"[55,56)","male",5,0.264392479179547,27497
"[55,56)","male",5.5,0.550969196639633,27497
"[55,56)","male",6,0.786413063243263,27497
"[55,56)","male",6.5,0.887260428410372,27497
"[55,56)","male",7,0.97523366185402,27497
"[55,56)","male",7.5,0.98632578099429,27497
"[55,56)","male",8,0.999345383132705,27497
"[55,56)","male",8.5,0.999636323962614,27497
"[55,56)","male",9,1,27497
"[56,57)","female",-243,0,36318
"[56,57)","female",5,0.313563522220387,36318
"[56,57)","female",5.5,0.545955173743048,36318
"[56,57)","female",6,0.756677129797896,36318
"[56,57)","female",6.5,0.860675147309874,36318
"[56,57)","female",7,0.964397819263175,36318
"[56,57)","female",7.5,0.979486755878628,36318
"[56,57)","female",8,0.998595737650752,36318
"[56,57)","female",8.5,0.999201497879839,36318
"[56,57)","female",9,1,36318
"[56,57)","male",-243,0,27711
"[56,57)","male",5,0.266608927862582,27711
"[56,57)","male",5.5,0.545559525098337,27711
"[56,57)","male",6,0.78044819746671,27711
"[56,57)","male",6.5,0.885893688426978,27711
"[56,57)","male",7,0.974450579192379,27711
"[56,57)","male",7.5,0.985745732741511,27711
"[56,57)","male",8,0.998917397423406,27711
"[56,57)","male",8.5,0.99942261195915,27711
"[56,57)","male",9,1,27711
"[57,58)","female",-243,0,36277
"[57,58)","female",5,0.313449292940431,36277
"[57,58)","female",5.5,0.542520054028723,36277
"[57,58)","female",6,0.751715963282521,36277
"[57,58)","female",6.5,0.857209802354109,36277
"[57,58)","female",7,0.963061995203572,36277
"[57,58)","female",7.5,0.978636601703559,36277
"[57,58)","female",8,0.998539019213276,36277
"[57,58)","female",8.5,0.999586514871682,36277
"[57,58)","female",9,1,36277
"[57,58)","male",-243,0,27552
"[57,58)","male",5,0.265969802555168,27552
"[57,58)","male",5.5,0.541122241579559,27552
"[57,58)","male",6,0.779217479674797,27552
"[57,58)","male",6.5,0.88447299651568,27552
"[57,58)","male",7,0.973504645760743,27552
"[57,58)","male",7.5,0.986498257839721,27552
"[57,58)","male",8,0.999419279907085,27552
"[57,58)","male",8.5,0.999709639953542,27552
"[57,58)","male",9,1,27552
"[58,59)","female",-243,0,35737
"[58,59)","female",5,0.307020734812659,35737
"[58,59)","female",5.5,0.537482161345384,35737
"[58,59)","female",6,0.750706550633797,35737
"[58,59)","female",6.5,0.857038923244816,35737
"[58,59)","female",7,0.963930939922209,35737
"[58,59)","female",7.5,0.97906931191762,35737
"[58,59)","female",8,0.998544925427428,35737
"[58,59)","female",8.5,0.99958026695022,35737
"[58,59)","female",9,1,35737
"[58,59)","male",-243,0,27764
"[58,59)","male",5,0.267468664457571,27764
"[58,59)","male",5.5,0.538359026076934,27764
"[58,59)","male",6,0.767612735917015,27764
"[58,59)","male",6.5,0.877107045094367,27764
"[58,59)","male",7,0.973778994381213,27764
"[58,59)","male",7.5,0.985664889785333,27764
"[58,59)","male",8,0.999495749891946,27764
"[58,59)","male",8.5,0.999891946405417,27764
"[58,59)","male",9,1,27764
"[59,60)","female",-243,0,34926
"[59,60)","female",5,0.307707724904083,34926
"[59,60)","female",5.5,0.538023249155357,34926
"[59,60)","female",6,0.746607112180038,34926
"[59,60)","female",6.5,0.855122258489378,34926
"[59,60)","female",7,0.964238676057951,34926
"[59,60)","female",7.5,0.980587527916166,34926
"[59,60)","female",8,0.99862566569318,34926
"[59,60)","female",8.5,0.999513256599668,34926
"[59,60)","female",9,1,34926
"[59,60)","male",-243,0,27534
"[59,60)","male",5,0.265126752378877,27534
"[59,60)","male",5.5,0.538606813394349,27534
"[59,60)","male",6,0.77148253068933,27534
"[59,60)","male",6.5,0.881237742427544,27534
"[59,60)","male",7,0.971925619234401,27534
"[59,60)","male",7.3,0.971961937967604,27534
"[59,60)","male",7.5,0.985000363187332,27534
"[59,60)","male",8,0.999346262802353,27534
"[59,60)","male",8.5,0.99985472506719,27534
"[59,60)","male",9,1,27534
"[60,61)","female",-243,0,33655
"[60,61)","female",3,0.0000297132669737038,33655
"[60,61)","female",5,0.301975932253751,33655
"[60,61)","female",5.5,0.534066260585351,33655
"[60,61)","female",6,0.744525330560095,33655
"[60,61)","female",6.5,0.855771802109642,33655
"[60,61)","female",7,0.963987520427871,33655
"[60,61)","female",7.5,0.979408705987223,33655
"[60,61)","female",8,0.998900609121973,33655
"[60,61)","female",8.5,0.999584014262368,33655
"[60,61)","female",9,1,33655
"[60,61)","male",-243,0,26257
"[60,61)","male",5,0.258978558098793,26257
"[60,61)","male",5.5,0.540046463800129,26257
"[60,61)","male",6,0.770651635754275,26257
"[60,61)","male",6.5,0.879422630155768,26257
"[60,61)","male",7,0.974406824846708,26257
"[60,61)","male",7.5,0.987393837833721,26257
"[60,61)","male",8,0.999085958030239,26257
"[60,61)","male",8.5,0.999466808850973,26257
"[60,61)","male",9,1,26257
"[61,62)","female",-243,0,32161
"[61,62)","female",5,0.304157209042007,32161
"[61,62)","female",5.5,0.539659836447872,32161
"[61,62)","female",6,0.744162184011691,32161
"[61,62)","female",6.5,0.85379807841796,32161
"[61,62)","female",7,0.961568359192811,32161
"[61,62)","female",7.5,0.979664811417555,32161
"[61,62)","female",8,0.998849538260626,32161
"[61,62)","female",8.5,0.999502503031622,32161
"[61,62)","female",9,1,32161
"[61,62)","male",-243,0,25140
"[61,62)","male",5,0.255847255369928,25140
"[61,62)","male",5.5,0.537987271280827,25140
"[61,62)","male",6,0.769371519490851,25140
"[61,62)","male",6.5,0.880270485282419,25140
"[61,62)","male",7,0.972871917263326,25140
"[61,62)","male",7.5,0.986595067621321,25140
"[61,62)","male",8,0.999403341288783,25140
"[61,62)","male",8.5,0.999840891010342,25140
"[61,62)","male",9,1,25140
"[62,63)","female",-243,0,30540
"[62,63)","female",5,0.297249508840864,30540
"[62,63)","female",5.5,0.543713163064833,30540
"[62,63)","female",6,0.746070726915521,30540
"[62,63)","female",6.5,0.854485920104781,30540
"[62,63)","female",7,0.963523248199083,30540
"[62,63)","female",7.5,0.981368696791094,30540
"[62,63)","female",8,0.998559266535691,30540
"[62,63)","female",8.5,0.999443352979699,30540
"[62,63)","female",9,1,30540
"[62,63)","male",-243,0,23864
"[62,63)","male",5,0.259260811263828,23864
"[62,63)","male",5.5,0.539222259470332,23864
"[62,63)","male",6,0.772628226617499,23864
"[62,63)","male",6.5,0.886230305062018,23864
"[62,63)","male",7,0.975234663090848,23864
"[62,63)","male",7.5,0.987931612470667,23864
"[62,63)","male",8,0.999329534026148,23864
"[62,63)","male",8.5,0.999748575259806,23864
"[62,63)","male",9,1,23864
"[63,64)","female",-243,0,29104
"[63,64)","female",5,0.299786970863112,29104
"[63,64)","female",5.5,0.541884277075316,29104
"[63,64)","female",6,0.740929081913139,29104
"[63,64)","female",6.5,0.855071467839472,29104
"[63,64)","female",7,0.963853765805388,29104
"[63,64)","female",7.5,0.978971962616822,29104
"[63,64)","female",8,0.998694337548103,29104
"[63,64)","female",8.5,0.999553326003299,29104
"[63,64)","female",9,1,29104
"[63,64)","male",-243,0,22380
"[63,64)","male",5,0.255495978552279,22380
"[63,64)","male",5.5,0.544191242180518,22380
"[63,64)","male",6,0.772788203753351,22380
"[63,64)","male",6.5,0.884048257372654,22380
"[63,64)","male",7,0.975558534405719,22380
"[63,64)","male",7.5,0.987667560321716,22380
"[63,64)","male",8,0.999419124218052,22380
"[63,64)","male",8.5,0.999910634495085,22380
"[63,64)","male",9,1,22380
"[64,65)","female",-243,0,27446
"[64,65)","female",5,0.296764555855134,27446
"[64,65)","female",5.5,0.531334256357939,27446
"[64,65)","female",6,0.736792246593311,27446
"[64,65)","female",6.5,0.852510384026816,27446
"[64,65)","female",7,0.961597318370619,27446
"[64,65)","female",7.5,0.980288566639948,27446
"[64,65)","female",8,0.998396852000291,27446
"[64,65)","female",8.5,0.999380601909204,27446
"[64,65)","female",9,1,27446
"[64,65)","male",-243,0,21321
"[64,65)","male",5,0.250363491393462,21321
"[64,65)","male",5.5,0.541391116739365,21321
"[64,65)","male",6,0.769429201256977,21321
"[64,65)","male",6.5,0.885793349280053,21321
"[64,65)","male",7,0.975610900051592,21321
"[64,65)","male",7.5,0.988837296562075,21321
"[64,65)","male",8,0.999437174616575,21321
"[64,65)","male",8.5,0.999718587308288,21321
"[64,65)","male",9,1,21321
"[65,66)","female",-243,0,26224
"[65,66)","female",0,0.0000381330079316657,26224
"[65,66)","female",5,0.289582062233069,26224
"[65,66)","female",5.5,0.527798962782184,26224
"[65,66)","female",6,0.736882245271507,26224
"[65,66)","female",6.5,0.850823672971324,26224
"[65,66)","female",7,0.960951799877974,26224
"[65,66)","female",7.5,0.979865771812081,26224
"[65,66)","female",8,0.998550945698597,26224
"[65,66)","female",8.5,0.999351738865162,26224
"[65,66)","female",9,1,26224
"[65,66)","male",-243,0,20149
"[65,66)","male",5,0.250086852945556,20149
"[65,66)","male",5.5,0.540920144920344,20149
"[65,66)","male",6,0.765497046999851,20149
"[65,66)","male",6.5,0.881334061243734,20149
"[65,66)","male",7,0.974093007097126,20149
"[65,66)","male",7.5,0.987840587622214,20149
"[65,66)","male",8,0.999305176435555,20149
"[65,66)","male",8.5,0.999652588217778,20149
"[65,66)","male",9,1,20149
"[66,67)","female",-243,0,24607
"[66,67)","female",5,0.281749095785752,24607
"[66,67)","female",5.5,0.523265737391799,24607
"[66,67)","female",6,0.73300280408014,24607
"[66,67)","female",6.5,0.850570975738611,24607
"[66,67)","female",7,0.963262486284391,24607
"[66,67)","female",7.5,0.980412077864022,24607
"[66,67)","female",8,0.998455723980981,24607
"[66,67)","female",8.5,0.999390417360913,24607
"[66,67)","female",9,1,24607
"[66,67)","male",-243,0,19034
"[66,67)","male",5,0.255227487653672,19034
"[66,67)","male",5.5,0.532205526951771,19034
"[66,67)","male",6,0.763213197436167,19034
"[66,67)","male",6.5,0.876957024272355,19034
"[66,67)","male",7,0.973521067563308,19034
"[66,67)","male",7.5,0.987706209940107,19034
"[66,67)","male",8,0.999369549227698,19034
"[66,67)","male",8.5,0.999789849742566,19034
"[66,67)","male",9,1,19034
"[67,68)","female",-243,0,23518
"[67,68)","female",5,0.282932222127732,23518
"[67,68)","female",5.5,0.517475975848286,23518
"[67,68)","female",6,0.724806531167616,23518
"[67,68)","female",6.5,0.844969810358024,23518
"[67,68)","female",7,0.961859001615784,23518
"[67,68)","female",7.5,0.979164894974062,23518
"[67,68)","female",8,0.998596819457437,23518
"[67,68)","female",8.5,0.999574793774981,23518
"[67,68)","female",9,1,23518
"[67,68)","male",-243,0,18303
"[67,68)","male",5,0.250560017483473,18303
"[67,68)","male",5.5,0.530678030923892,18303
"[67,68)","male",6,0.763645304048517,18303
"[67,68)","male",6.5,0.878872316013768,18303
"[67,68)","male",7,0.973337704201497,18303
"[67,68)","male",7.5,0.987652297437578,18303
"[67,68)","male",8,0.999399005627493,18303
"[67,68)","male",8.5,0.999781456591815,18303
"[67,68)","male",9,1,18303
"[68,69)","female",-243,0,22286
"[68,69)","female",5,0.288836040563583,22286
"[68,69)","female",5.5,0.517724131741901,22286
"[68,69)","female",6,0.721753567261958,22286
"[68,69)","female",6.5,0.838732836758503,22286
"[68,69)","female",7,0.959032576505429,22286
"[68,69)","female",7.5,0.978416943372521,22286
"[68,69)","female",8,0.998833348290406,22286
"[68,69)","female",8.5,0.999551287804002,22286
"[68,69)","female",9,1,22286
"[68,69)","male",-243,0,16949
"[68,69)","male",5,0.25505929553366,16949
"[68,69)","male",5.5,0.518614667532008,16949
"[68,69)","male",6,0.754144787303086,16949
"[68,69)","male",6.5,0.872617853560682,16949
"[68,69)","male",7,0.96926072334651,16949
"[68,69)","male",7.5,0.983302849725647,16949
"[68,69)","male",8,0.99864298778689,16949
"[68,69)","male",8.5,0.999173992565933,16949
"[68,69)","male",9,1,16949
"[69,70)","female",-243,0,20988
"[69,70)","female",0,0.0000476462740613684,20988
"[69,70)","female",5,0.279969506384601,20988
"[69,70)","female",5.5,0.511006289308176,20988
"[69,70)","female",6,0.719506384600724,20988
"[69,70)","female",6.3,0.719554030874786,20988
"[69,70)","female",6.5,0.838383838383838,20988
"[69,70)","female",7,0.958547741566609,20988
"[69,70)","female",7.5,0.977272727272727,20988
"[69,70)","female",8,0.998665904326282,20988
"[69,70)","female",8.5,0.999523537259386,20988
"[69,70)","female",9,1,20988
"[69,70)","male",-243,0,15704
"[69,70)","male",5,0.251400916963831,15704
"[69,70)","male",5.5,0.513499745287825,15704
"[69,70)","male",6,0.747707590422822,15704
"[69,70)","male",6.5,0.868313805399898,15704
"[69,70)","male",7,0.970071319409068,15704
"[69,70)","male",7.5,0.985099337748344,15704
"[69,70)","male",8,0.998917473255222,15704
"[69,70)","male",8.5,0.999299541518085,15704
"[69,70)","male",9,1,15704
"[70,71)","female",-243,0,19345
"[70,71)","female",5,0.279296975962781,19345
"[70,71)","female",5.5,0.505143447919359,19345
"[70,71)","female",6,0.711346601188938,19345
"[70,71)","female",6.5,0.830240372189196,19345
"[70,71)","female",7,0.957094856552081,19345
"[70,71)","female",7.5,0.976789868182993,19345
"[70,71)","female",8,0.998655983458258,19345
"[70,71)","female",8.5,0.999483070560868,19345
"[70,71)","female",9,1,19345
"[70,71)","male",-243,0,14234
"[70,71)","male",5,0.251299704931853,14234
"[70,71)","male",5.5,0.511451454264437,14234
"[70,71)","male",6,0.74315020373753,14234
"[70,71)","male",6.5,0.861950259940987,14234
"[70,71)","male",7,0.969860896445131,14234
"[70,71)","male",7.5,0.984614303779682,14234
"[70,71)","male",8,0.998875930869749,14234
"[70,71)","male",8.5,0.999367711114233,14234
"[70,71)","male",9,1,14234
"[71,72)","female",-243,0,18094
"[71,72)","female",5,0.27799270476401,18094
"[71,72)","female",5.5,0.499889466121366,18094
"[71,72)","female",6,0.710622305736708,18094
"[71,72)","female",6.5,0.830330496297115,18094
"[71,72)","female",7,0.957168122029402,18094
"[71,72)","female",7.5,0.975240411186028,18094
"[71,72)","female",8,0.998176191002542,18094
"[71,72)","female",8.5,0.998894661213662,18094
"[71,72)","female",9,1,18094
"[71,72)","male",-243,0,13007
"[71,72)","male",5,0.250941800568924,13007
"[71,72)","male",5.5,0.501268547705082,13007
"[71,72)","male",6,0.732067348350888,13007
"[71,72)","male",6.5,0.859537172291843,13007
"[71,72)","male",7,0.971938187130007,13007
"[71,72)","male",7.5,0.984469900822634,13007
"[71,72)","male",8,0.998923656492658,13007
"[71,72)","male",8.5,0.999538709925425,13007
"[71,72)","male",9,1,13007
"[72,73)","female",-243,0,17069
"[72,73)","female",4,0.0000585857402308278,17069
"[72,73)","female",5,0.280039838303357,17069
"[72,73)","female",5.5,0.492823246821724,17069
"[72,73)","female",6,0.697990509110083,17069
"[72,73)","female",6.5,0.82236803562013,17069
"[72,73)","female",7,0.955709180385494,17069
"[72,73)","female",7.5,0.97451520299959,17069
"[72,73)","female",8,0.998066670572383,17069
"[72,73)","female",8.5,0.998945456675845,17069
"[72,73)","female",9,1,17069
"[72,73)","male",-243,0,11769
"[72,73)","male",5,0.257116152604299,11769
"[72,73)","male",5.5,0.50582037556292,11769
"[72,73)","male",6,0.732857507009941,11769
"[72,73)","male",6.5,0.858951482708811,11769
"[72,73)","male",7,0.969920978842722,11769
"[72,73)","male",7.5,0.984110799558161,11769
"[72,73)","male",8,0.99906534115048,11769
"[72,73)","male",8.5,0.99966012405472,11769
"[72,73)","male",9,1,11769
"[73,74)","female",-243,0,15583
"[73,74)","female",5,0.285952640698197,15583
"[73,74)","female",5.5,0.495860874029391,15583
"[73,74)","female",6,0.704999037412565,15583
"[73,74)","female",6.5,0.825643329269075,15583
"[73,74)","female",7,0.955400115510492,15583
"[73,74)","female",7.5,0.973175896810627,15583
"[73,74)","female",8,0.997882307642944,15583
"[73,74)","female",8.5,0.998524032599628,15583
"[73,74)","female",9,1,15583
"[73,74)","male",-243,0,10378
"[73,74)","male",5,0.256215070341106,10378
"[73,74)","male",5.5,0.505106957024475,10378
"[73,74)","male",6,0.72711505106957,10378
"[73,74)","male",6.5,0.847851223742532,10378
"[73,74)","male",7,0.965985739063403,10378
"[73,74)","male",7.5,0.981017537097707,10378
"[73,74)","male",8,0.997880131046444,10378
"[73,74)","male",8.5,0.998940065523222,10378
"[73,74)","male",9,1,10378
"[74,75)","female",-243,0,14601
"[74,75)","female",5,0.283747688514485,14601
"[74,75)","female",5.5,0.502842271077324,14601
"[74,75)","female",6,0.709403465516061,14601
"[74,75)","female",6.5,0.826244777754948,14601
"[74,75)","female",7,0.956030408876104,14601
"[74,75)","female",7.5,0.974522292993631,14601
"[74,75)","female",8,0.997671392370386,14601
"[74,75)","female",8.5,0.998698719265804,14601
"[74,75)","female",9,1,14601
"[74,75)","male",-243,0,9542
"[74,75)","male",5,0.263047579123873,9542
"[74,75)","male",5.5,0.505449591280654,9542
"[74,75)","male",6,0.727415636134982,9542
"[74,75)","male",6.5,0.852441836093062,9542
"[74,75)","male",7,0.968036051142318,9542
"[74,75)","male",7.5,0.983232026828757,9542
"[74,75)","male",8,0.998637602179836,9542
"[74,75)","male",8.5,0.999580800670719,9542
"[74,75)","male",9,1,9542
"[75,76)","female",-243,0,13749
"[75,76)","female",5,0.280674958178777,13749
"[75,76)","female",5.5,0.496181540475671,13749
"[75,76)","female",6,0.700632773292603,13749
"[75,76)","female",6.5,0.819986908138774,13749
"[75,76)","female",7,0.957596916139356,13749
"[75,76)","female",7.5,0.974470870608772,13749
"[75,76)","female",8,0.997163430067641,13749
"[75,76)","female",8.5,0.9983998836279,13749
"[75,76)","female",9,1,13749
"[75,76)","male",-243,0,8415
"[75,76)","male",5,0.265121806298277,8415
"[75,76)","male",5.5,0.50873440285205,8415
"[75,76)","male",6,0.730362448009507,8415
"[75,76)","male",6.5,0.856446821152703,8415
"[75,76)","male",7,0.970766488413547,8415
"[75,76)","male",7.5,0.984194890077243,8415
"[75,76)","male",8,0.997623291740939,8415
"[75,76)","male",8.5,0.999168152109329,8415
"[75,76)","male",9,1,8415
"[76,77)","female",-243,0,12712
"[76,77)","female",5,0.279578351164254,12712
"[76,77)","female",5.5,0.493628067967275,12712
"[76,77)","female",6,0.697844556324733,12712
"[76,77)","female",6.5,0.815685966016362,12712
"[76,77)","female",7,0.954924480805538,12712
"[76,77)","female",7.5,0.972230962869729,12712
"[76,77)","female",8,0.9975613593455,12712
"[76,77)","female",8.5,0.998505349276274,12712
"[76,77)","female",9,1,12712
"[76,77)","male",-243,0,7480
"[76,77)","male",5,0.250802139037433,7480
"[76,77)","male",5.5,0.49451871657754,7480
"[76,77)","male",6,0.719117647058824,7480
"[76,77)","male",6.5,0.843449197860963,7480
"[76,77)","male",7,0.968850267379679,7480
"[76,77)","male",7.5,0.982754010695187,7480
"[76,77)","male",8,0.997994652406417,7480
"[76,77)","male",8.5,0.998663101604278,7480
"[76,77)","male",9,1,7480
"[77,78)","female",-243,0,11512
"[77,78)","female",5,0.272063933287005,11512
"[77,78)","female",5.5,0.479847116052815,11512
"[77,78)","female",6,0.683200138985407,11512
"[77,78)","female",6.5,0.810979847116053,11512
"[77,78)","female",7,0.955350938151494,11512
"[77,78)","female",7.5,0.974200833912439,11512
"[77,78)","female",8,0.997915218902015,11512
"[77,78)","female",8.5,0.998957609451008,11512
"[77,78)","female",9,1,11512
"[77,78)","male",-243,0,6935
"[77,78)","male",5,0.258976207642394,6935
"[77,78)","male",5.5,0.504830569574621,6935
"[77,78)","male",6,0.726459985580389,6935
"[77,78)","male",6.5,0.850468637346792,6935
"[77,78)","male",7,0.964960346070656,6935
"[77,78)","male",7.5,0.980533525594809,6935
"[77,78)","male",8,0.997116077865898,6935
"[77,78)","male",8.5,0.998702235039654,6935
"[77,78)","male",9,1,6935
"[78,79)","female",-243,0,10935
"[78,79)","female",5,0.275811614083219,10935
"[78,79)","female",5.5,0.478737997256516,10935
"[78,79)","female",6,0.681938728852309,10935
"[78,79)","female",6.5,0.802194787379973,10935
"[78,79)","female",7,0.949428440786465,10935
"[78,79)","female",7.5,0.970461819844536,10935
"[78,79)","female",8,0.997622313671696,10935
"[78,79)","female",8.5,0.998353909465021,10935
"[78,79)","female",9,1,10935
"[78,79)","male",-243,0,6054
"[78,79)","male",5,0.260488932936901,6054
"[78,79)","male",5.5,0.495374958704988,6054
"[78,79)","male",6,0.705814337628015,6054
"[78,79)","male",6.5,0.82804757185332,6054
"[78,79)","male",7,0.961017509084903,6054
"[78,79)","male",7.5,0.975222993062438,6054
"[78,79)","male",8,0.994879418566237,6054
"[78,79)","male",8.5,0.996531219028741,6054
"[78,79)","male",9,1,6054
"[79,80)","female",-243,0,9815
"[79,80)","female",5,0.277024961793174,9815
"[79,80)","female",5.5,0.478043810494142,9815
"[79,80)","female",6,0.67967396841569,9815
"[79,80)","female",6.5,0.796230259806419,9815
"[79,80)","female",7,0.948344370860927,9815
"[79,80)","female",7.5,0.967600611309221,9815
"[79,80)","female",8,0.996535914416709,9815
"[79,80)","female",8.5,0.997962302598064,9815
"[79,80)","female",9,1,9815
"[79,80)","male",-243,0,5317
"[79,80)","male",5,0.252021816813993,5317
"[79,80)","male",5.5,0.490314086891104,5317
"[79,80)","male",6,0.70754184690615,5317
"[79,80)","male",6.5,0.834681211209329,5317
"[79,80)","male",7,0.96163249952981,5317
"[79,80)","male",7.5,0.976678578145571,5317
"[79,80)","male",8,0.996614632311454,5317
"[79,80)","male",8.5,0.998495392138424,5317
"[79,80)","male",9,1,5317
"[80,81)","female",-243,0,8757
"[80,81)","female",5,0.276121959575197,8757
"[80,81)","female",5.5,0.469909786456549,8757
"[80,81)","female",6,0.677743519470138,8757
"[80,81)","female",6.5,0.796962430055955,8757
"[80,81)","female",7,0.948384149822999,8757
"[80,81)","female",7.5,0.9655133036428,8757
"[80,81)","female",8,0.995203836930456,8757
"[80,81)","female",8.5,0.99737352974763,8757
"[80,81)","female",9,1,8757
"[80,81)","male",-243,0,4851
"[80,81)","male",5,0.265099979385694,4851
"[80,81)","male",5.5,0.487734487734488,4851
"[80,81)","male",6,0.707070707070707,4851
"[80,81)","male",6.5,0.834673263244692,4851
"[80,81)","male",7,0.962275819418677,4851
"[80,81)","male",7.5,0.977736549165121,4851
"[80,81)","male",8,0.997526283240569,4851
"[80,81)","male",8.5,0.99896928468357,4851
"[80,81)","male",9,1,4851
"[81,82)","female",-243,0,8185
"[81,82)","female",5,0.268662186927306,8185
"[81,82)","female",5.5,0.46658521686011,8185
"[81,82)","female",6,0.677092241905926,8185
"[81,82)","female",6.5,0.795723885155773,8185
"[81,82)","female",7,0.945143555284056,8185
"[81,82)","female",7.5,0.964813683567501,8185
"[81,82)","female",8,0.995601710445938,8185
"[81,82)","female",8.5,0.996945632254123,8185
"[81,82)","female",9,1,8185
"[81,82)","male",-243,0,4054
"[81,82)","male",5,0.259003453379378,4054
"[81,82)","male",5.5,0.470152935372472,4054
"[81,82)","male",6,0.699309324124322,4054
"[81,82)","male",6.5,0.819684262456833,4054
"[81,82)","male",7,0.957819437592501,4054
"[81,82)","male",7.5,0.974346324617662,4054
"[81,82)","male",8,0.995313270843611,4054
"[81,82)","male",8.5,0.996793290577208,4054
"[81,82)","male",9,1,4054
"[82,83)","female",-243,0,7303
"[82,83)","female",5,0.270436806791729,7303
"[82,83)","female",5.5,0.457209366013967,7303
"[82,83)","female",6,0.665343009722032,7303
"[82,83)","female",6.5,0.78762152540052,7303
"[82,83)","female",7,0.944543338354101,7303
"[82,83)","female",7.5,0.962481172121046,7303
"[82,83)","female",8,0.993427358619745,7303
"[82,83)","female",8.5,0.995892099137341,7303
"[82,83)","female",9,1,7303
"[82,83)","male",-243,0,3720
"[82,83)","male",5,0.255913978494624,3720
"[82,83)","male",5.5,0.464247311827957,3720
"[82,83)","male",6,0.693279569892473,3720
"[82,83)","male",6.5,0.813172043010753,3720
"[82,83)","male",7,0.95752688172043,3720
"[82,83)","male",7.5,0.974731182795699,3720
"[82,83)","male",8,0.995967741935484,3720
"[82,83)","male",8.5,0.998118279569893,3720
"[82,83)","male",9,1,3720
"[83,84)","female",-243,0,6144
"[83,84)","female",5,0.271321614583333,6144
"[83,84)","female",5.5,0.4599609375,6144
"[83,84)","female",6,0.6669921875,6144
"[83,84)","female",6.5,0.794270833333333,6144
"[83,84)","female",7,0.947591145833333,6144
"[83,84)","female",7.5,0.964680989583333,6144
"[83,84)","female",8,0.994303385416667,6144
"[83,84)","female",8.5,0.99609375,6144
"[83,84)","female",9,1,6144
"[83,84)","male",-243,0,3328
"[83,84)","male",5,0.266826923076923,3328
"[83,84)","male",5.5,0.474759615384615,3328
"[83,84)","male",6,0.702223557692308,3328
"[83,84)","male",6.5,0.82421875,3328
"[83,84)","male",7,0.957632211538461,3328
"[83,84)","male",7.5,0.972355769230769,3328
"[83,84)","male",8,0.997295673076923,3328
"[83,84)","male",8.5,0.998197115384615,3328
"[83,84)","male",9,1,3328
"[84,85)","female",-243,0,5585
"[84,85)","female",5,0.272694717994628,5585
"[84,85)","female",5.5,0.470008952551477,5585
"[84,85)","female",6,0.670367054610564,5585
"[84,85)","female",6.5,0.784601611459266,5585
"[84,85)","female",7,0.939122649955237,5585
"[84,85)","female",7.5,0.960250671441361,5585
"[84,85)","female",8,0.993017009847807,5585
"[84,85)","female",8.5,0.995881826320501,5585
"[84,85)","female",9,1,5585
"[84,85)","male",-243,0,2689
"[84,85)","male",5,0.273707698029007,2689
"[84,85)","male",5.5,0.488657493492005,2689
"[84,85)","male",6,0.709929341762737,2689
"[84,85)","male",6.5,0.826329490516921,2689
"[84,85)","male",7,0.956117515805132,2689
"[84,85)","male",7.5,0.96950539233916,2689
"[84,85)","male",8,0.9947936035701,2689
"[84,85)","male",8.5,0.99739680178505,2689
"[84,85)","male",9,1,2689
"[85,86)","female",-243,0,4682
"[85,86)","female",5,0.261426740709099,4682
"[85,86)","female",5.5,0.46070055531824,4682
"[85,86)","female",6,0.65912003417343,4682
"[85,86)","female",6.5,0.785775309696711,4682
"[85,86)","female",7,0.934856898761213,4682
"[85,86)","female",7.5,0.956642460486971,4682
"[85,86)","female",8,0.991243058521999,4682
"[85,86)","female",8.5,0.99316531396839,4682
"[85,86)","female",9,1,4682
"[85,86)","male",-243,0,2411
"[85,86)","male",5,0.258813770219826,2411
"[85,86)","male",5.5,0.480298631273331,2411
"[85,86)","male",6,0.6976358357528,2411
"[85,86)","male",6.5,0.814599751140606,2411
"[85,86)","male",7,0.948569058481958,2411
"[85,86)","male",7.5,0.968892575694733,2411
"[85,86)","male",8,0.993363749481543,2411
"[85,86)","male",8.5,0.994608046453754,2411
"[85,86)","male",9,1,2411
"[86,87)","female",-243,0,3868
"[86,87)","female",5,0.270682523267839,3868
"[86,87)","female",5.5,0.47052740434333,3868
"[86,87)","female",6,0.684332988624612,3868
"[86,87)","female",6.5,0.793950361944157,3868
"[86,87)","female",7,0.936142709410548,3868
"[86,87)","female",7.5,0.955274043433299,3868
"[86,87)","female",8,0.987590486039297,3868
"[86,87)","female",8.5,0.993278179937952,3868
"[86,87)","female",9,1,3868
"[86,87)","male",-243,0,1977
"[86,87)","male",5,0.263530601922104,1977
"[86,87)","male",5.5,0.477996965098634,1977
"[86,87)","male",6,0.687405159332322,1977
"[86,87)","male",6.5,0.799190692969145,1977
"[86,87)","male",7,0.950935761254426,1977
"[86,87)","male",7.5,0.968639352554375,1977
"[86,87)","male",8,0.991401112797167,1977
"[86,87)","male",8.5,0.995447647951442,1977
"[86,87)","male",9,1,1977
"[87,88)","female",-243,0,3292
"[87,88)","female",5,0.261239368165249,3292
"[87,88)","female",5.5,0.467800729040097,3292
"[87,88)","female",6,0.68408262454435,3292
"[87,88)","female",6.5,0.794349939246659,3292
"[87,88)","female",7,0.930133657351154,3292
"[87,88)","female",7.5,0.954738760631835,3292
"[87,88)","female",8,0.987849331713244,3292
"[87,88)","female",8.5,0.995443499392467,3292
"[87,88)","female",9,1,3292
"[87,88)","male",-243,0,1566
"[87,88)","male",5,0.282886334610473,1566
"[87,88)","male",5.5,0.464240102171137,1566
"[87,88)","male",6,0.689016602809706,1566
"[87,88)","male",6.5,0.822477650063857,1566
"[87,88)","male",7,0.945083014048531,1566
"[87,88)","male",7.5,0.961047254150703,1566
"[87,88)","male",8,0.989144316730524,1566
"[87,88)","male",8.5,0.992337164750958,1566
"[87,88)","male",9,1,1566
"[88,89)","female",-243,0,2667
"[88,89)","female",5,0.264341957255343,2667
"[88,89)","female",5.5,0.464566929133858,2667
"[88,89)","female",6,0.669291338582677,2667
"[88,89)","female",6.5,0.792275965504312,2667
"[88,89)","female",7,0.934008248968879,2667
"[88,89)","female",7.5,0.952380952380952,2667
"[88,89)","female",8,0.988751406074241,2667
"[88,89)","female",8.5,0.993250843644544,2667
"[88,89)","female",9,1,2667
"[88,89)","male",-243,0,1196
"[88,89)","male",5,0.277591973244147,1196
"[88,89)","male",5.5,0.489130434782609,1196
"[88,89)","male",6,0.714882943143813,1196
"[88,89)","male",6.5,0.826086956521739,1196
"[88,89)","male",7,0.953177257525084,1196
"[88,89)","male",7.5,0.967391304347826,1196
"[88,89)","male",8,0.991638795986622,1196
"[88,89)","male",8.5,0.99247491638796,1196
"[88,89)","male",9,1,1196
"[89,90)","female",-243,0,2233
"[89,90)","female",5,0.26063591580833,2233
"[89,90)","female",5.5,0.458128078817734,2233
"[89,90)","female",6,0.663681146439767,2233
"[89,90)","female",6.5,0.781012091356919,2233
"[89,90)","female",7,0.928347514554411,2233
"[89,90)","female",7.5,0.944917151813704,2233
"[89,90)","female",8,0.983878190774742,2233
"[89,90)","female",8.5,0.989699955217197,2233
"[89,90)","female",9,1,2233
"[89,90)","male",-243,0,991
"[89,90)","male",5,0.269424823410696,991
"[89,90)","male",5.5,0.504540867810293,991
"[89,90)","male",6,0.70635721493441,991
"[89,90)","male",6.5,0.824419778002018,991
"[89,90)","male",7,0.943491422805247,991
"[89,90)","male",7.5,0.959636730575177,991
"[89,90)","male",8,0.986881937436932,991
"[89,90)","male",8.5,0.989909182643794,991
"[89,90)","male",9,1,991
