week,age_group,val_n,val_mean,val_sd,val_5,val_10,val_25,val_50,val_75,val_90,val_95,qval_mean,qval_sd,qval_5,qval_10,qval_25,qval_50,qval_75,qval_90,qval_95,age_mean,age_sd,age_5,age_10,age_25,age_50,age_75,age_90,age_95,bmi_n,bmi_mean,bmi_sd,bmi_5,bmi_10,bmi_25,bmi_50,bmi_75,bmi_90,bmi_95,baby_weight_n,baby_weight_mean,baby_weight_sd,baby_weight_5,baby_weight_10,baby_weight_25,baby_weight_50,baby_weight_75,baby_weight_90,baby_weight_95
"[-59,-58)","[30,35]",1,48,,48,48,48,48,48,48,48,0.752475261688232,,0.752475261688232,0.752475261688232,0.752475261688232,0.752475261688232,0.752475261688232,0.752475261688232,0.752475261688232,32.354794520548,,32.354794520548,32.354794520548,32.354794520548,32.354794520548,32.354794520548,32.354794520548,32.354794520548,1,22.8516006469727,,22.8516006469727,22.8516006469727,22.8516006469727,22.8516006469727,22.8516006469727,22.8516006469727,22.8516006469727,1,3646,,3646,3646,3646,3646,3646,3646,3646
"[-58,-57)","[30,35]",1,46,,46,46,46,46,46,46,46,0.737500011920929,,0.737500011920929,0.737500011920929,0.737500011920929,0.737500011920929,0.737500011920929,0.737500011920929,0.737500011920929,34.1103881278539,,34.1103881278539,34.1103881278539,34.1103881278539,34.1103881278539,34.1103881278539,34.1103881278539,34.1103881278539,1,32.6904983520508,,32.6904983520508,32.6904983520508,32.6904983520508,32.6904983520508,32.6904983520508,32.6904983520508,32.6904983520508,1,3094,,3094,3094,3094,3094,3094,3094,3094
"[-53,-52)","[30,35]",2,52.6999998092651,54.1643797086294,18.2299996376038,22.0599996566773,33.5499997138977,52.6999998092651,71.8499999046326,83.339999961853,87.1699999809265,0.493749994784594,0.645234928349684,0.0831250008195639,0.128750000149012,0.265624998137355,0.493749994784594,0.721874991431832,0.858749989420175,0.904374988749623,34.8986872146119,0.00976711421502324,34.8924714611872,34.8931621004566,34.8952340182648,34.8986872146119,34.9021404109589,34.9042123287671,34.9049029680365,1,25.0135002136231,,25.0135002136231,25.0135002136231,25.0135002136231,25.0135002136231,25.0135002136231,25.0135002136231,25.0135002136231,2,3432,625.082394568908,3034.2,3078.4,3211,3432,3653,3785.6,3829.8
"[-51,-50)","[20,25)",2,107,0,107,107,107,107,107,107,107,0.965517222881317,0,0.965517222881317,0.965517222881317,0.965517222881317,0.965517222881317,0.965517222881317,0.965517222881317,0.965517222881317,22.2643264840183,0.000242159856569724,22.2641723744292,22.2641894977169,22.2642408675799,22.2643264840183,22.2644121004566,22.2644634703196,22.2644805936073,0,,,,,,,,,,2,918,0,918,918,918,918,918,918,918
"[-50,-49)","[20,25)",2,32,5.65685424949238,28.4,28.8,30,32,34,35.2,35.6,0.435897439718246,0.0906547101332947,0.378205135464668,0.384615391492844,0.40384615957737,0.435897439718246,0.467948719859123,0.487179487943649,0.493589743971825,24.549200913242,0.232473462307907,24.4012557077626,24.4176940639269,24.4670091324201,24.549200913242,24.6313926940639,24.6807077625571,24.6971461187215,0,,,,,,,,,,1,2975,,2975,2975,2975,2975,2975,2975,2975
"[-45,-44)","[25,30)",2,22,0,22,22,22,22,22,22,22,0.168539330363274,0,0.168539330363274,0.168539330363274,0.168539330363274,0.168539330363274,0.168539330363274,0.168539330363274,0.168539330363274,28.5628424657534,0.000242159856569724,28.5626883561644,28.5627054794521,28.5627568493151,28.5628424657534,28.5629280821918,28.5629794520548,28.5629965753425,0,,,,,,,,,,2,3845,0,3845,3845,3845,3845,3845,3845,3845
"[-44,-43)","[20,25)",1,26,,26,26,26,26,26,26,26,0.298507452011108,,0.298507452011108,0.298507452011108,0.298507452011108,0.298507452011108,0.298507452011108,0.298507452011108,0.298507452011108,21.9464611872146,,21.9464611872146,21.9464611872146,21.9464611872146,21.9464611872146,21.9464611872146,21.9464611872146,21.9464611872146,1,22.4913005828857,,22.4913005828857,22.4913005828857,22.4913005828857,22.4913005828857,22.4913005828857,22.4913005828857,22.4913005828857,1,2810,,2810,2810,2810,2810,2810,2810,2810
"[-44,-43)","[25,30)",1,34.0999984741211,,34.0999984741211,34.0999984741211,34.0999984741211,34.0999984741211,34.0999984741211,34.0999984741211,34.0999984741211,0.415730327367783,,0.415730327367783,0.415730327367783,0.415730327367783,0.415730327367783,0.415730327367783,0.415730327367783,0.415730327367783,28.4119863013699,,28.4119863013699,28.4119863013699,28.4119863013699,28.4119863013699,28.4119863013699,28.4119863013699,28.4119863013699,1,19.0082745552063,,19.0082745552063,19.0082745552063,19.0082745552063,19.0082745552063,19.0082745552063,19.0082745552063,19.0082745552063,1,2984,,2984,2984,2984,2984,2984,2984,2984
"[-43,-42)","[30,35]",2,40.9500007629395,2.89913672390552,39.105001449585,39.310001373291,39.9250011444092,40.9500007629395,41.9750003814697,42.5900001525879,42.7950000762939,0.68674698472023,0.068154867936845,0.643373492360115,0.648192769289017,0.662650600075722,0.68674698472023,0.710843369364739,0.725301200151444,0.730120477080345,30.2999429223744,0.0819307514730999,30.2478025114155,30.253595890411,30.2709760273973,30.2999429223744,30.3289098173516,30.3462899543379,30.3520833333333,0,,,,,,,,,,2,3447.5,526.794551983978,3112.25,3149.5,3261.25,3447.5,3633.75,3745.5,3782.75
"[-41,-40)","[30,35]",1,23,,23,23,23,23,23,23,23,0.204819276928902,,0.204819276928902,0.204819276928902,0.204819276928902,0.204819276928902,0.204819276928902,0.204819276928902,0.204819276928902,30.2892694063927,,30.2892694063927,30.2892694063927,30.2892694063927,30.2892694063927,30.2892694063927,30.2892694063927,30.2892694063927,0,,,,,,,,,,1,2850,,2850,2850,2850,2850,2850,2850,2850
"[-39,-38)","[25,30)",2,67.5499992370606,14.7785328057582,58.144998550415,59.189998626709,62.3249988555908,67.5499992370606,72.7749996185303,75.9099998474121,76.9549999237061,0.825089067220688,0.183801268391099,0.708118656277657,0.72111536860466,0.760105505585671,0.825089067220688,0.890072628855705,0.929062765836716,0.942059478163719,28.9749429223744,0.26936248045885,28.8035216894977,28.8225684931507,28.8797089041096,28.9749429223744,29.0701769406393,29.1273173515982,29.1463641552511,1,28.4004993438721,,28.4004993438721,28.4004993438721,28.4004993438721,28.4004993438721,28.4004993438721,28.4004993438721,28.4004993438721,2,3222.5,258.09397513309,3058.25,3076.5,3131.25,3222.5,3313.75,3368.5,3386.75
"[-39,-38)","[30,35]",1,48,,48,48,48,48,48,48,48,0.719101130962372,,0.719101130962372,0.719101130962372,0.719101130962372,0.719101130962372,0.719101130962372,0.719101130962372,0.719101130962372,31.223401826484,,31.223401826484,31.223401826484,31.223401826484,31.223401826484,31.223401826484,31.223401826484,31.223401826484,0,,,,,,,,,,1,3464,,3464,3464,3464,3464,3464,3464,3464
"[-38,-37)","[25,30)",1,57,,57,57,57,57,57,57,57,0.821428596973419,,0.821428596973419,0.821428596973419,0.821428596973419,0.821428596973419,0.821428596973419,0.821428596973419,0.821428596973419,25.0529680365297,,25.0529680365297,25.0529680365297,25.0529680365297,25.0529680365297,25.0529680365297,25.0529680365297,25.0529680365297,0,,,,,,,,,,1,2930,,2930,2930,2930,2930,2930,2930,2930
"[-38,-37)","[30,35]",3,30.8333333333333,6.78847061813877,25.05,25.6,27.25,30,34,36.4,37.2,0.387875830133756,0.226574298616116,0.194252686202526,0.212829697132111,0.268560729920864,0.361445784568787,0.493975907564163,0.573493981361389,0.600000005960465,31.267503805175,1.90597873835763,30.1065639269406,30.1219178082192,30.1679794520548,30.2447488584475,31.8556506849315,32.8221917808219,33.1443721461187,1,29.9759998321533,,29.9759998321533,29.9759998321533,29.9759998321533,29.9759998321533,29.9759998321533,29.9759998321533,29.9759998321533,3,3418.33333333333,892.542622698397,2674.4,2740.8,2940,3272,3823.5,4154.4,4264.7
"[-37,-36)","[25,30)",1,22,,22,22,22,22,22,22,22,0.182926833629608,,0.182926833629608,0.182926833629608,0.182926833629608,0.182926833629608,0.182926833629608,0.182926833629608,0.182926833629608,29.3707762557078,,29.3707762557078,29.3707762557078,29.3707762557078,29.3707762557078,29.3707762557078,29.3707762557078,29.3707762557078,1,24.6093997955322,,24.6093997955322,24.6093997955322,24.6093997955322,24.6093997955322,24.6093997955322,24.6093997955322,24.6093997955322,1,3415,,3415,3415,3415,3415,3415,3415,3415
"[-37,-36)","[30,35]",1,48.7999992370606,,48.7999992370606,48.7999992370606,48.7999992370606,48.7999992370606,48.7999992370606,48.7999992370606,48.7999992370606,0.72972971200943,,0.72972971200943,0.72972971200943,0.72972971200943,0.72972971200943,0.72972971200943,0.72972971200943,0.72972971200943,33.3844748858447,,33.3844748858447,33.3844748858447,33.3844748858447,33.3844748858447,33.3844748858447,33.3844748858447,33.3844748858447,0,,,,,,,,,,1,2240,,2240,2240,2240,2240,2240,2240,2240
"[-35,-34)","[25,30)",1,40,,40,40,40,40,40,40,40,0.545454561710358,,0.545454561710358,0.545454561710358,0.545454561710358,0.545454561710358,0.545454561710358,0.545454561710358,0.545454561710358,27.3323059360731,,27.3323059360731,27.3323059360731,27.3323059360731,27.3323059360731,27.3323059360731,27.3323059360731,27.3323059360731,0,,,,,,,,,,1,3315,,3315,3315,3315,3315,3315,3315,3315
"[-33,-32)","[30,35]",1,30,,30,30,30,30,30,30,30,0.361445784568787,,0.361445784568787,0.361445784568787,0.361445784568787,0.361445784568787,0.361445784568787,0.361445784568787,0.361445784568787,30.2313926940639,,30.2313926940639,30.2313926940639,30.2313926940639,30.2313926940639,30.2313926940639,30.2313926940639,30.2313926940639,0,,,,,,,,,,1,2860,,2860,2860,2860,2860,2860,2860,2860
"[-29,-28)","[30,35]",1,19.8999996185303,,19.8999996185303,19.8999996185303,19.8999996185303,19.8999996185303,19.8999996185303,19.8999996185303,19.8999996185303,0.0963855385780334,,0.0963855385780334,0.0963855385780334,0.0963855385780334,0.0963855385780334,0.0963855385780334,0.0963855385780334,0.0963855385780334,30.077397260274,,30.077397260274,30.077397260274,30.077397260274,30.077397260274,30.077397260274,30.077397260274,30.077397260274,0,,,,,,,,,,1,3374,,3374,3374,3374,3374,3374,3374,3374
"[-26,-25)","[25,30)",1,48.7999992370606,,48.7999992370606,48.7999992370606,48.7999992370606,48.7999992370606,48.7999992370606,48.7999992370606,48.7999992370606,0.766233742237091,,0.766233742237091,0.766233742237091,0.766233742237091,0.766233742237091,0.766233742237091,0.766233742237091,0.766233742237091,27.2859589041096,,27.2859589041096,27.2859589041096,27.2859589041096,27.2859589041096,27.2859589041096,27.2859589041096,27.2859589041096,0,,,,,,,,,,1,3038,,3038,3038,3038,3038,3038,3038,3038
"[-26,-25)","[30,35]",2,31,4.24264068711929,28.3,28.6,29.5,31,32.5,33.4,33.7,0.431583061814308,0.117759369484075,0.356641457974911,0.364968302845955,0.389948837459087,0.431583061814308,0.473217286169529,0.498197820782661,0.506524665653706,31.591894977169,0.629938506892671,31.19100456621,31.2355479452055,31.3691780821918,31.591894977169,31.8146118721461,31.9482420091324,31.9927853881279,0,,,,,,,,,,2,2987.5,321.733585439879,2782.75,2805.5,2873.75,2987.5,3101.25,3169.5,3192.25
"[-25,-24)","[30,35]",1,80,,80,80,80,80,80,80,80,0.959459483623505,,0.959459483623505,0.959459483623505,0.959459483623505,0.959459483623505,0.959459483623505,0.959459483623505,0.959459483623505,33.525,,33.525,33.525,33.525,33.525,33.525,33.525,33.525,0,,,,,,,,,,1,1560,,1560,1560,1560,1560,1560,1560,1560
"[-24,-23)","[25,30)",1,31,,31,31,31,31,31,31,31,0.517857134342194,,0.517857134342194,0.517857134342194,0.517857134342194,0.517857134342194,0.517857134342194,0.517857134342194,0.517857134342194,25.1356164383562,,25.1356164383562,25.1356164383562,25.1356164383562,25.1356164383562,25.1356164383562,25.1356164383562,25.1356164383562,1,25.4365997314453,,25.4365997314453,25.4365997314453,25.4365997314453,25.4365997314453,25.4365997314453,25.4365997314453,25.4365997314453,1,3350,,3350,3350,3350,3350,3350,3350,3350
"[-24,-23)","[30,35]",2,45.7999992370606,7.35391160329942,41.119998550415,41.639998626709,43.1999988555908,45.7999992370606,48.3999996185303,49.9599998474121,50.4799999237061,0.641891866922379,0.143332454506818,0.550675651431084,0.560810786485672,0.591216191649437,0.641891866922379,0.69256754219532,0.722972947359085,0.733108082413673,33.4545662100457,0.246357294084631,33.2977853881279,33.3152054794521,33.3674657534247,33.4545662100457,33.5416666666667,33.5939269406393,33.6113470319635,0,,,,,,,,,,2,3149.5,628.617928474841,2749.45,2793.9,2927.25,3149.5,3371.75,3505.1,3549.55
"[-22,-21)","[25,30)",1,23,,23,23,23,23,23,23,23,0.195121943950653,,0.195121943950653,0.195121943950653,0.195121943950653,0.195121943950653,0.195121943950653,0.195121943950653,0.195121943950653,29.9714611872146,,29.9714611872146,29.9714611872146,29.9714611872146,29.9714611872146,29.9714611872146,29.9714611872146,29.9714611872146,0,,,,,,,,,,1,3490,,3490,3490,3490,3490,3490,3490,3490
"[-21,-20)","[20,25)",1,35,,35,35,35,35,35,35,35,0.537313461303711,,0.537313461303711,0.537313461303711,0.537313461303711,0.537313461303711,0.537313461303711,0.537313461303711,0.537313461303711,21.6885844748858,,21.6885844748858,21.6885844748858,21.6885844748858,21.6885844748858,21.6885844748858,21.6885844748858,21.6885844748858,0,,,,,,,,,,1,3380,,3380,3380,3380,3380,3380,3380,3380
"[-21,-20)","[25,30)",1,32,,32,32,32,32,32,32,32,0.393258422613144,,0.393258422613144,0.393258422613144,0.393258422613144,0.393258422613144,0.393258422613144,0.393258422613144,0.393258422613144,28.3872146118721,,28.3872146118721,28.3872146118721,28.3872146118721,28.3872146118721,28.3872146118721,28.3872146118721,28.3872146118721,1,29.8925495147705,,29.8925495147705,29.8925495147705,29.8925495147705,29.8925495147705,29.8925495147705,29.8925495147705,29.8925495147705,0,,,,,,,,,
"[-18,-17)","[25,30)",1,22,,22,22,22,22,22,22,22,0.168539330363274,,0.168539330363274,0.168539330363274,0.168539330363274,0.168539330363274,0.168539330363274,0.168539330363274,0.168539330363274,28.8179223744292,,28.8179223744292,28.8179223744292,28.8179223744292,28.8179223744292,28.8179223744292,28.8179223744292,28.8179223744292,0,,,,,,,,,,1,839,,839,839,839,839,839,839,839
"[-16,-15)","[30,35]",1,19,,19,19,19,19,19,19,19,0.0675675645470619,,0.0675675645470619,0.0675675645470619,0.0675675645470619,0.0675675645470619,0.0675675645470619,0.0675675645470619,0.0675675645470619,33.1077625570776,,33.1077625570776,33.1077625570776,33.1077625570776,33.1077625570776,33.1077625570776,33.1077625570776,33.1077625570776,0,,,,,,,,,,1,3000,,3000,3000,3000,3000,3000,3000,3000
"[-14,-13)","[25,30)",1,66,,66,66,66,66,66,66,66,0.910714268684387,,0.910714268684387,0.910714268684387,0.910714268684387,0.910714268684387,0.910714268684387,0.910714268684387,0.910714268684387,25.2804794520548,,25.2804794520548,25.2804794520548,25.2804794520548,25.2804794520548,25.2804794520548,25.2804794520548,25.2804794520548,0,,,,,,,,,,1,2880,,2880,2880,2880,2880,2880,2880,2880
"[-14,-13)","[30,35]",1,26,,26,26,26,26,26,26,26,0.240963861346245,,0.240963861346245,0.240963861346245,0.240963861346245,0.240963861346245,0.240963861346245,0.240963861346245,0.240963861346245,30.6995433789954,,30.6995433789954,30.6995433789954,30.6995433789954,30.6995433789954,30.6995433789954,30.6995433789954,30.6995433789954,0,,,,,,,,,,1,2840,,2840,2840,2840,2840,2840,2840,2840
"[-12,-11)","[25,30)",1,39.9000015258789,,39.9000015258789,39.9000015258789,39.9000015258789,39.9000015258789,39.9000015258789,39.9000015258789,39.9000015258789,0.607142865657806,,0.607142865657806,0.607142865657806,0.607142865657806,0.607142865657806,0.607142865657806,0.607142865657806,0.607142865657806,25.1898401826484,,25.1898401826484,25.1898401826484,25.1898401826484,25.1898401826484,25.1898401826484,25.1898401826484,25.1898401826484,0,,,,,,,,,,1,3354,,3354,3354,3354,3354,3354,3354,3354
"[-5,-4)","[20,25)",1,19,,19,19,19,19,19,19,19,0.115384615957737,,0.115384615957737,0.115384615957737,0.115384615957737,0.115384615957737,0.115384615957737,0.115384615957737,0.115384615957737,24.1084474885845,,24.1084474885845,24.1084474885845,24.1084474885845,24.1084474885845,24.1084474885845,24.1084474885845,24.1084474885845,0,,,,,,,,,,1,3340,,3340,3340,3340,3340,3340,3340,3340
"[1,2)","[20,25)",1,33,,33,33,33,33,33,33,33,0.474358975887299,,0.474358975887299,0.474358975887299,0.474358975887299,0.474358975887299,0.474358975887299,0.474358975887299,0.474358975887299,24.1302511415525,,24.1302511415525,24.1302511415525,24.1302511415525,24.1302511415525,24.1302511415525,24.1302511415525,24.1302511415525,0,,,,,,,,,,1,3744,,3744,3744,3744,3744,3744,3744,3744
"[2,3)","[25,30)",1,60,,60,60,60,60,60,60,60,0.743902444839478,,0.743902444839478,0.743902444839478,0.743902444839478,0.743902444839478,0.743902444839478,0.743902444839478,0.743902444839478,29.3763698630137,,29.3763698630137,29.3763698630137,29.3763698630137,29.3763698630137,29.3763698630137,29.3763698630137,29.3763698630137,0,,,,,,,,,,1,3885,,3885,3885,3885,3885,3885,3885,3885
"[2,3)","[30,35]",2,24.75,2.47487373415292,23.175,23.35,23.875,24.75,25.625,26.15,26.325,0.250507652759552,0.0205804747152636,0.237410318851471,0.238865578174591,0.243231356143951,0.250507652759552,0.257783949375153,0.262149727344513,0.263604986667633,31.1132420091324,0.964603428673431,30.4993721461187,30.5675799086758,30.772203196347,31.1132420091324,31.4542808219178,31.6589041095891,31.7271118721461,0,,,,,,,,,,2,3156,248.901586977665,2997.6,3015.2,3068,3156,3244,3296.8,3314.4
"[3,4)","[25,30)",1,68.1999969482422,,68.1999969482422,68.1999969482422,68.1999969482422,68.1999969482422,68.1999969482422,68.1999969482422,68.1999969482422,0.837209284305573,,0.837209284305573,0.837209284305573,0.837209284305573,0.837209284305573,0.837209284305573,0.837209284305573,0.837209284305573,26.7899543378995,,26.7899543378995,26.7899543378995,26.7899543378995,26.7899543378995,26.7899543378995,26.7899543378995,26.7899543378995,0,,,,,,,,,,1,2686,,2686,2686,2686,2686,2686,2686,2686
"[3,4)","[30,35]",1,52.0999984741211,,52.0999984741211,52.0999984741211,52.0999984741211,52.0999984741211,52.0999984741211,52.0999984741211,52.0999984741211,0.801980197429657,,0.801980197429657,0.801980197429657,0.801980197429657,0.801980197429657,0.801980197429657,0.801980197429657,0.801980197429657,32.6336757990868,,32.6336757990868,32.6336757990868,32.6336757990868,32.6336757990868,32.6336757990868,32.6336757990868,32.6336757990868,0,,,,,,,,,,1,3110,,3110,3110,3110,3110,3110,3110,3110
"[10,11)","[25,30)",2,44,11.4551276973034,36.710001373291,37.5200012207031,39.9500007629395,44,48.0499992370606,50.4799987792969,51.289998626709,0.506097555160523,0.163841827488644,0.401829254627228,0.413414621353149,0.448170721530914,0.506097555160523,0.564024388790131,0.598780488967896,0.610365855693817,29.114897260274,0.052387248971468,29.0815582191781,29.0852625570776,29.0963755707763,29.114897260274,29.1334189497717,29.1445319634703,29.1482363013699,0,,,,,,,,,,2,3306.5,224.152849636136,3163.85,3179.7,3227.25,3306.5,3385.75,3433.3,3449.15
"[11,12)","[25,30)",1,126,,126,126,126,126,126,126,126,1,,1,1,1,1,1,1,1,28.6535388127854,,28.6535388127854,28.6535388127854,28.6535388127854,28.6535388127854,28.6535388127854,28.6535388127854,28.6535388127854,0,,,,,,,,,,1,4190,,4190,4190,4190,4190,4190,4190,4190
"[11,12)","[30,35]",1,33,,33,33,33,33,33,33,33,0.469879508018494,,0.469879508018494,0.469879508018494,0.469879508018494,0.469879508018494,0.469879508018494,0.469879508018494,0.469879508018494,30.7245433789954,,30.7245433789954,30.7245433789954,30.7245433789954,30.7245433789954,30.7245433789954,30.7245433789954,30.7245433789954,0,,,,,,,,,,1,3430,,3430,3430,3430,3430,3430,3430,3430
"[12,13)","[20,25)",1,38,,38,38,38,38,38,38,38,0.589743614196777,,0.589743614196777,0.589743614196777,0.589743614196777,0.589743614196777,0.589743614196777,0.589743614196777,0.589743614196777,24.096803652968,,24.096803652968,24.096803652968,24.096803652968,24.096803652968,24.096803652968,24.096803652968,24.096803652968,1,26.6389007568359,,26.6389007568359,26.6389007568359,26.6389007568359,26.6389007568359,26.6389007568359,26.6389007568359,26.6389007568359,1,2450,,2450,2450,2450,2450,2450,2450,2450
"[12,13)","[30,35]",1,50.5999984741211,,50.5999984741211,50.5999984741211,50.5999984741211,50.5999984741211,50.5999984741211,50.5999984741211,50.5999984741211,0.855421662330627,,0.855421662330627,0.855421662330627,0.855421662330627,0.855421662330627,0.855421662330627,0.855421662330627,0.855421662330627,30.8775114155251,,30.8775114155251,30.8775114155251,30.8775114155251,30.8775114155251,30.8775114155251,30.8775114155251,30.8775114155251,1,21.8943004608154,,21.8943004608154,21.8943004608154,21.8943004608154,21.8943004608154,21.8943004608154,21.8943004608154,21.8943004608154,1,3165,,3165,3165,3165,3165,3165,3165,3165
"[13,14)","[30,35]",2,45.9499988555908,11.1015770041085,38.8849985122681,39.669998550415,42.024998664856,45.9499988555908,49.8749990463257,52.2299991607666,53.0149991989136,0.712129414081574,0.121089750233133,0.635068368911743,0.643630707263947,0.669317722320557,0.712129414081574,0.75494110584259,0.7806281208992,0.789190459251404,30.9448059360731,0.656656811067645,30.5269121004566,30.5733447488585,30.7126426940639,30.9448059360731,31.1769691780822,31.3162671232877,31.3626997716895,0,,,,,,,,,,2,3387.5,109.601551083915,3317.75,3325.5,3348.75,3387.5,3426.25,3449.5,3457.25
"[14,15)","[20,25)",1,40.2000007629395,,40.2000007629395,40.2000007629395,40.2000007629395,40.2000007629395,40.2000007629395,40.2000007629395,40.2000007629395,0.653846144676209,,0.653846144676209,0.653846144676209,0.653846144676209,0.653846144676209,0.653846144676209,0.653846144676209,0.653846144676209,24.8010273972603,,24.8010273972603,24.8010273972603,24.8010273972603,24.8010273972603,24.8010273972603,24.8010273972603,24.8010273972603,0,,,,,,,,,,1,2945,,2945,2945,2945,2945,2945,2945,2945
"[14,15)","[30,35]",1,61.7999992370606,,61.7999992370606,61.7999992370606,61.7999992370606,61.7999992370606,61.7999992370606,61.7999992370606,61.7999992370606,0.797297298908234,,0.797297298908234,0.797297298908234,0.797297298908234,0.797297298908234,0.797297298908234,0.797297298908234,0.797297298908234,33.6694063926941,,33.6694063926941,33.6694063926941,33.6694063926941,33.6694063926941,33.6694063926941,33.6694063926941,33.6694063926941,0,,,,,,,,,,1,3960,,3960,3960,3960,3960,3960,3960,3960
"[16,17)","[25,30)",2,52,22.6274169979695,37.6,39.2,44,52,60,64.8,66.4,0.597560971975327,0.293190632009123,0.410975596308708,0.43170730471611,0.493902429938316,0.597560971975327,0.701219514012337,0.763414639234543,0.784146347641945,29.2900114155251,0.389150889509171,29.0423573059361,29.0698744292238,29.1524257990868,29.2900114155251,29.4275970319635,29.5101484018265,29.5376655251142,2,29.8375511169434,5.46940125170575,26.3568454742432,26.7435905456543,27.9038257598877,29.8375511169434,31.771276473999,32.9315116882324,33.3182567596436,2,3750,127.279220613579,3669,3678,3705,3750,3795,3822,3831
"[17,18)","[30,35]",1,52,,52,52,52,52,52,52,52,0.879518091678619,,0.879518091678619,0.879518091678619,0.879518091678619,0.879518091678619,0.879518091678619,0.879518091678619,0.879518091678619,30.0969178082192,,30.0969178082192,30.0969178082192,30.0969178082192,30.0969178082192,30.0969178082192,30.0969178082192,30.0969178082192,0,,,,,,,,,,1,3372,,3372,3372,3372,3372,3372,3372,3372
"[18,19)","[25,30)",1,36.7000007629395,,36.7000007629395,36.7000007629395,36.7000007629395,36.7000007629395,36.7000007629395,36.7000007629395,36.7000007629395,0.460674166679382,,0.460674166679382,0.460674166679382,0.460674166679382,0.460674166679382,0.460674166679382,0.460674166679382,0.460674166679382,28.4204337899543,,28.4204337899543,28.4204337899543,28.4204337899543,28.4204337899543,28.4204337899543,28.4204337899543,28.4204337899543,1,24.2122993469238,,24.2122993469238,24.2122993469238,24.2122993469238,24.2122993469238,24.2122993469238,24.2122993469238,24.2122993469238,1,3150,,3150,3150,3150,3150,3150,3150,3150
"[18,19)","[30,35]",3,58.7333335876465,38.2937763977541,30.7800006866455,32.3600006103516,37.1000003814697,45,73.5,90.6,96.3,0.686766723791758,0.343875580922486,0.357153612375259,0.401807224750519,0.535768061876297,0.759036123752594,0.873900085687637,0.942818462848663,0.965791255235672,32.100799086758,2.23716593605146,30.2889497716895,30.4372602739726,30.8821917808219,31.6237442922374,33.0808789954338,33.9551598173516,34.2465867579909,1,18.8323993682861,,18.8323993682861,18.8323993682861,18.8323993682861,18.8323993682861,18.8323993682861,18.8323993682861,18.8323993682861,3,3206.33333333333,364.842888560725,2863.4,2906.8,3037,3254,3399.5,3486.8,3515.9
"[19,20)","[30,35]",1,34.2000007629395,,34.2000007629395,34.2000007629395,34.2000007629395,34.2000007629395,34.2000007629395,34.2000007629395,34.2000007629395,0.524752497673035,,0.524752497673035,0.524752497673035,0.524752497673035,0.524752497673035,0.524752497673035,0.524752497673035,0.524752497673035,32.8283105022831,,32.8283105022831,32.8283105022831,32.8283105022831,32.8283105022831,32.8283105022831,32.8283105022831,32.8283105022831,1,31.2213001251221,,31.2213001251221,31.2213001251221,31.2213001251221,31.2213001251221,31.2213001251221,31.2213001251221,31.2213001251221,1,3430,,3430,3430,3430,3430,3430,3430,3430
"[20,21)","[30,35]",1,19.7999992370605,,19.7999992370605,19.7999992370605,19.7999992370605,19.7999992370605,19.7999992370605,19.7999992370605,19.7999992370605,0.138613864779472,,0.138613864779472,0.138613864779472,0.138613864779472,0.138613864779472,0.138613864779472,0.138613864779472,0.138613864779472,32.8722602739726,,32.8722602739726,32.8722602739726,32.8722602739726,32.8722602739726,32.8722602739726,32.8722602739726,32.8722602739726,1,27.7343997955322,,27.7343997955322,27.7343997955322,27.7343997955322,27.7343997955322,27.7343997955322,27.7343997955322,27.7343997955322,1,3660,,3660,3660,3660,3660,3660,3660,3660
"[22,23)","[20,25)",1,36.5,,36.5,36.5,36.5,36.5,36.5,36.5,36.5,0.512820541858673,,0.512820541858673,0.512820541858673,0.512820541858673,0.512820541858673,0.512820541858673,0.512820541858673,0.512820541858673,24.0833333333333,,24.0833333333333,24.0833333333333,24.0833333333333,24.0833333333333,24.0833333333333,24.0833333333333,24.0833333333333,0,,,,,,,,,,1,3840,,3840,3840,3840,3840,3840,3840,3840
"[23,24)","[30,35]",3,40.0999997456869,0.854400731713027,39.3699993133545,39.4399993896484,39.6499996185303,40,40.5,40.8,40.9,0.633410056432088,0.0571825582265448,0.579775267839432,0.586516845226288,0.606741577386856,0.640449464321137,0.663598239421845,0.677487504482269,0.682117259502411,30.9592465753425,0.693688803037531,30.3169406392694,30.394497716895,30.6271689497717,31.0149543378995,31.3191780821918,31.5017123287671,31.5625570776256,0,,,,,,,,,,3,3281,220.741930769847,3092.9,3110.8,3164.5,3254,3384,3462,3488
"[25,26)","[30,35]",1,48.0999984741211,,48.0999984741211,48.0999984741211,48.0999984741211,48.0999984741211,48.0999984741211,48.0999984741211,48.0999984741211,0.819277107715607,,0.819277107715607,0.819277107715607,0.819277107715607,0.819277107715607,0.819277107715607,0.819277107715607,0.819277107715607,30.4310502283105,,30.4310502283105,30.4310502283105,30.4310502283105,30.4310502283105,30.4310502283105,30.4310502283105,30.4310502283105,0,,,,,,,,,,1,3750,,3750,3750,3750,3750,3750,3750,3750
"[26,27)","[25,30)",1,14.3999996185303,,14.3999996185303,14.3999996185303,14.3999996185303,14.3999996185303,14.3999996185303,14.3999996185303,14.3999996185303,0.0259740259498358,,0.0259740259498358,0.0259740259498358,0.0259740259498358,0.0259740259498358,0.0259740259498358,0.0259740259498358,0.0259740259498358,27.8885844748858,,27.8885844748858,27.8885844748858,27.8885844748858,27.8885844748858,27.8885844748858,27.8885844748858,27.8885844748858,1,26.8136005401611,,26.8136005401611,26.8136005401611,26.8136005401611,26.8136005401611,26.8136005401611,26.8136005401611,26.8136005401611,1,2755,,2755,2755,2755,2755,2755,2755,2755
"[27,28)","[30,35]",2,35.2000007629395,21.4960472270304,21.5200000762939,23.0400001525879,27.6000003814697,35.2000007629395,42.8000011444092,47.360001373291,48.880001449585,0.415540538728237,0.472997106194526,0.114527023583651,0.147972969710827,0.248310808092356,0.415540538728237,0.582770269364119,0.683108107745647,0.716554053872824,34.2079908675799,0.865640767288193,33.657100456621,33.7183105022831,33.9019406392694,34.2079908675799,34.5140410958904,34.6976712328767,34.7588812785388,1,17.3745002746582,,17.3745002746582,17.3745002746582,17.3745002746582,17.3745002746582,17.3745002746582,17.3745002746582,17.3745002746582,2,3160,806.101730552664,2647,2704,2875,3160,3445,3616,3673
"[29,30)","[30,35]",2,66.5,37.476659402887,42.65,45.3,53.25,66.5,79.75,87.7,90.35,0.83661675453186,0.211947818910493,0.701733988523483,0.716720962524414,0.761681884527206,0.83661675453186,0.911551624536514,0.956512546539307,0.971499520540237,31.8411529680365,1.79254797828878,30.7003824200913,30.8271347031964,31.2073915525114,31.8411529680365,32.4749143835617,32.8551712328767,32.9819235159817,1,27.7766990661621,,27.7766990661621,27.7766990661621,27.7766990661621,27.7766990661621,27.7766990661621,27.7766990661621,27.7766990661621,2,3471,394.565583902094,3219.9,3247.8,3331.5,3471,3610.5,3694.2,3722.1
"[30,31)","[25,30)",2,51.5,30.4055915910215,32.15,34.3,40.75,51.5,62.25,68.7,70.85,0.600601002573967,0.421825152814464,0.332153119146824,0.36198066174984,0.451463289558888,0.600601002573967,0.749738715589047,0.839221343398094,0.86904888600111,27.2161529680365,1.57524986699263,26.2136700913242,26.3250570776256,26.6592180365297,27.2161529680365,27.7730878995434,28.1072488584475,28.2186358447489,0,,,,,,,,,,1,3380,,3380,3380,3380,3380,3380,3380,3380
"[31,32)","[25,30)",2,47.2000007629395,2.54558333331225,45.580001449585,45.760001373291,46.3000011444092,47.2000007629395,48.1000003814697,48.6400001525879,48.820000076294,0.691011250019074,0.0238350543572748,0.675842714309692,0.67752810716629,0.682584285736084,0.691011250019074,0.699438214302063,0.704494392871857,0.706179785728455,28.5188356164384,0.457520689014309,28.2276712328767,28.2600228310502,28.3570776255708,28.5188356164384,28.6805936073059,28.7776484018265,28.81,1,18.591100692749,,18.591100692749,18.591100692749,18.591100692749,18.591100692749,18.591100692749,18.591100692749,18.591100692749,2,2959.5,481.539717988039,2653.05,2687.1,2789.25,2959.5,3129.75,3231.9,3265.95
"[32,33)","[30,35]",1,47,,47,47,47,47,47,47,47,0.75,,0.75,0.75,0.75,0.75,0.75,0.75,0.75,34.3051369863014,,34.3051369863014,34.3051369863014,34.3051369863014,34.3051369863014,34.3051369863014,34.3051369863014,34.3051369863014,0,,,,,,,,,,1,2966,,2966,2966,2966,2966,2966,2966,2966
"[33,34)","[20,25)",1,23,,23,23,23,23,23,23,23,0.241379305720329,,0.241379305720329,0.241379305720329,0.241379305720329,0.241379305720329,0.241379305720329,0.241379305720329,0.241379305720329,22.6593607305936,,22.6593607305936,22.6593607305936,22.6593607305936,22.6593607305936,22.6593607305936,22.6593607305936,22.6593607305936,0,,,,,,,,,,1,2844,,2844,2844,2844,2844,2844,2844,2844
"[33,34)","[30,35]",1,45,,45,45,45,45,45,45,45,0.712871313095093,,0.712871313095093,0.712871313095093,0.712871313095093,0.712871313095093,0.712871313095093,0.712871313095093,0.712871313095093,32.4175799086758,,32.4175799086758,32.4175799086758,32.4175799086758,32.4175799086758,32.4175799086758,32.4175799086758,32.4175799086758,0,,,,,,,,,,1,2897,,2897,2897,2897,2897,2897,2897,2897
"[34,35)","[25,30)",1,91,,91,91,91,91,91,91,91,0.914634168148041,,0.914634168148041,0.914634168148041,0.914634168148041,0.914634168148041,0.914634168148041,0.914634168148041,0.914634168148041,29.1462328767123,,29.1462328767123,29.1462328767123,29.1462328767123,29.1462328767123,29.1462328767123,29.1462328767123,29.1462328767123,0,,,,,,,,,,1,3686,,3686,3686,3686,3686,3686,3686,3686
"[34,35)","[30,35]",1,34,,34,34,34,34,34,34,34,0.462500005960465,,0.462500005960465,0.462500005960465,0.462500005960465,0.462500005960465,0.462500005960465,0.462500005960465,0.462500005960465,34.1651826484018,,34.1651826484018,34.1651826484018,34.1651826484018,34.1651826484018,34.1651826484018,34.1651826484018,34.1651826484018,1,33.4025001525879,,33.4025001525879,33.4025001525879,33.4025001525879,33.4025001525879,33.4025001525879,33.4025001525879,33.4025001525879,1,3620,,3620,3620,3620,3620,3620,3620,3620
"[35,36)","[25,30)",1,11,,11,11,11,11,11,11,11,0.0232558138668537,,0.0232558138668537,0.0232558138668537,0.0232558138668537,0.0232558138668537,0.0232558138668537,0.0232558138668537,0.0232558138668537,26.6611872146119,,26.6611872146119,26.6611872146119,26.6611872146119,26.6611872146119,26.6611872146119,26.6611872146119,26.6611872146119,0,,,,,,,,,,1,2914,,2914,2914,2914,2914,2914,2914,2914
"[36,37)","[20,25)",1,50.7999992370606,,50.7999992370606,50.7999992370606,50.7999992370606,50.7999992370606,50.7999992370606,50.7999992370606,50.7999992370606,0.833333313465118,,0.833333313465118,0.833333313465118,0.833333313465118,0.833333313465118,0.833333313465118,0.833333313465118,0.833333313465118,23.6094748858448,,23.6094748858448,23.6094748858448,23.6094748858448,23.6094748858448,23.6094748858448,23.6094748858448,23.6094748858448,0,,,,,,,,,,1,3350,,3350,3350,3350,3350,3350,3350,3350
"[36,37)","[25,30)",1,53,,53,53,53,53,53,53,53,0.634146332740784,,0.634146332740784,0.634146332740784,0.634146332740784,0.634146332740784,0.634146332740784,0.634146332740784,0.634146332740784,29.3325342465753,,29.3325342465753,29.3325342465753,29.3325342465753,29.3325342465753,29.3325342465753,29.3325342465753,29.3325342465753,0,,,,,,,,,,1,3040,,3040,3040,3040,3040,3040,3040,3040
"[36,37)","[30,35]",1,40,,40,40,40,40,40,40,40,0.613861382007599,,0.613861382007599,0.613861382007599,0.613861382007599,0.613861382007599,0.613861382007599,0.613861382007599,0.613861382007599,32.5955479452055,,32.5955479452055,32.5955479452055,32.5955479452055,32.5955479452055,32.5955479452055,32.5955479452055,32.5955479452055,1,21.6296005249023,,21.6296005249023,21.6296005249023,21.6296005249023,21.6296005249023,21.6296005249023,21.6296005249023,21.6296005249023,1,3390,,3390,3390,3390,3390,3390,3390,3390
"[38,39)","[30,35]",1,56.4000015258789,,56.4000015258789,56.4000015258789,56.4000015258789,56.4000015258789,56.4000015258789,56.4000015258789,56.4000015258789,0.821782171726227,,0.821782171726227,0.821782171726227,0.821782171726227,0.821782171726227,0.821782171726227,0.821782171726227,0.821782171726227,32.064497716895,,32.064497716895,32.064497716895,32.064497716895,32.064497716895,32.064497716895,32.064497716895,32.064497716895,0,,,,,,,,,,1,3188,,3188,3188,3188,3188,3188,3188,3188
"[39,40)","[25,30)",1,47,,47,47,47,47,47,47,47,0.560975611209869,,0.560975611209869,0.560975611209869,0.560975611209869,0.560975611209869,0.560975611209869,0.560975611209869,0.560975611209869,29.3845890410959,,29.3845890410959,29.3845890410959,29.3845890410959,29.3845890410959,29.3845890410959,29.3845890410959,29.3845890410959,0,,,,,,,,,,1,3040,,3040,3040,3040,3040,3040,3040,3040
"[40,41)","[30,35]",1,35,,35,35,35,35,35,35,35,0.5,,0.5,0.5,0.5,0.5,0.5,0.5,0.5,34.8447488584475,,34.8447488584475,34.8447488584475,34.8447488584475,34.8447488584475,34.8447488584475,34.8447488584475,34.8447488584475,0,,,,,,,,,,1,3340,,3340,3340,3340,3340,3340,3340,3340
"[41,42)","[30,35]",1,27.5,,27.5,27.5,27.5,27.5,27.5,27.5,27.5,0.336633652448654,,0.336633652448654,0.336633652448654,0.336633652448654,0.336633652448654,0.336633652448654,0.336633652448654,0.336633652448654,32.0892694063927,,32.0892694063927,32.0892694063927,32.0892694063927,32.0892694063927,32.0892694063927,32.0892694063927,32.0892694063927,1,33.5634994506836,,33.5634994506836,33.5634994506836,33.5634994506836,33.5634994506836,33.5634994506836,33.5634994506836,33.5634994506836,1,3400,,3400,3400,3400,3400,3400,3400,3400
"[42,43)","[30,35]",2,40.3999996185303,9.05096625970815,34.639999961853,35.2799999237061,37.1999998092651,40.3999996185303,43.5999994277954,45.5199993133545,46.1599992752075,0.622816279530525,0.226721448351895,0.478531633317471,0.494563260674477,0.542658142745495,0.622816279530525,0.702974416315556,0.751069298386574,0.76710092574358,32.5440639269406,2.58465286913165,30.899200913242,31.0819634703196,31.6302511415525,32.5440639269406,33.4578767123288,34.0061643835616,34.1889269406393,0,,,,,,,,,,2,3304,12.7279220613579,3295.9,3296.8,3299.5,3304,3308.5,3311.2,3312.1
"[43,44)","[30,35]",1,78,,78,78,78,78,78,78,78,0.932432413101196,,0.932432413101196,0.932432413101196,0.932432413101196,0.932432413101196,0.932432413101196,0.932432413101196,0.932432413101196,33.1324200913242,,33.1324200913242,33.1324200913242,33.1324200913242,33.1324200913242,33.1324200913242,33.1324200913242,33.1324200913242,0,,,,,,,,,,1,3535,,3535,3535,3535,3535,3535,3535,3535
"[44,45)","[20,25)",2,51.6999998092651,28.7085355859137,33.4299996376038,35.4599996566773,41.5499997138977,51.6999998092651,61.8499999046326,67.939999961853,69.9699999809265,0.673659682273865,0.354377530069056,0.448135203123093,0.47319347858429,0.54836830496788,0.673659682273865,0.798951059579849,0.87412588596344,0.899184161424637,24.0546803652968,0.610565718367012,23.6661187214612,23.7092922374429,23.8388127853881,24.0546803652968,24.2705479452055,24.4000684931507,24.4432420091324,0,,,,,,,,,,2,2982.5,2110.71374184184,1639.25,1788.5,2236.25,2982.5,3728.75,4176.5,4325.75
"[44,45)","[25,30)",1,98,,98,98,98,98,98,98,98,0.939024388790131,,0.939024388790131,0.939024388790131,0.939024388790131,0.939024388790131,0.939024388790131,0.939024388790131,0.939024388790131,29.3438356164384,,29.3438356164384,29.3438356164384,29.3438356164384,29.3438356164384,29.3438356164384,29.3438356164384,29.3438356164384,0,,,,,,,,,,1,3686,,3686,3686,3686,3686,3686,3686,3686
"[45,46)","[25,30)",1,31,,31,31,31,31,31,31,31,0.325581401586533,,0.325581401586533,0.325581401586533,0.325581401586533,0.325581401586533,0.325581401586533,0.325581401586533,0.325581401586533,26.9705479452055,,26.9705479452055,26.9705479452055,26.9705479452055,26.9705479452055,26.9705479452055,26.9705479452055,26.9705479452055,0,,,,,,,,,,1,3800,,3800,3800,3800,3800,3800,3800,3800
"[46,47)","[25,30)",1,25.7000007629395,,25.7000007629395,25.7000007629395,25.7000007629395,25.7000007629395,25.7000007629395,25.7000007629395,25.7000007629395,0.33766233921051,,0.33766233921051,0.33766233921051,0.33766233921051,0.33766233921051,0.33766233921051,0.33766233921051,0.33766233921051,27.3845890410959,,27.3845890410959,27.3845890410959,27.3845890410959,27.3845890410959,27.3845890410959,27.3845890410959,27.3845890410959,1,22.7219009399414,,22.7219009399414,22.7219009399414,22.7219009399414,22.7219009399414,22.7219009399414,22.7219009399414,22.7219009399414,1,2875,,2875,2875,2875,2875,2875,2875,2875
"[47,48)","[30,35]",1,20,,20,20,20,20,20,20,20,0.0810810774564743,,0.0810810774564743,0.0810810774564743,0.0810810774564743,0.0810810774564743,0.0810810774564743,0.0810810774564743,0.0810810774564743,33.0555936073059,,33.0555936073059,33.0555936073059,33.0555936073059,33.0555936073059,33.0555936073059,33.0555936073059,33.0555936073059,0,,,,,,,,,,1,3650,,3650,3650,3650,3650,3650,3650,3650
"[48,49)","[30,35]",1,23.7999992370606,,23.7999992370606,23.7999992370606,23.7999992370606,23.7999992370606,23.7999992370606,23.7999992370606,23.7999992370606,0.175675675272942,,0.175675675272942,0.175675675272942,0.175675675272942,0.175675675272942,0.175675675272942,0.175675675272942,0.175675675272942,33.5957762557078,,33.5957762557078,33.5957762557078,33.5957762557078,33.5957762557078,33.5957762557078,33.5957762557078,33.5957762557078,1,25.5366992950439,,25.5366992950439,25.5366992950439,25.5366992950439,25.5366992950439,25.5366992950439,25.5366992950439,25.5366992950439,1,3205,,3205,3205,3205,3205,3205,3205,3205
"[49,50)","[30,35]",1,41.2999992370605,,41.2999992370605,41.2999992370605,41.2999992370605,41.2999992370605,41.2999992370605,41.2999992370605,41.2999992370605,0.698795199394226,,0.698795199394226,0.698795199394226,0.698795199394226,0.698795199394226,0.698795199394226,0.698795199394226,0.698795199394226,30.0344748858448,,30.0344748858448,30.0344748858448,30.0344748858448,30.0344748858448,30.0344748858448,30.0344748858448,30.0344748858448,0,,,,,,,,,,1,3254,,3254,3254,3254,3254,3254,3254,3254
"[51,52)","[25,30)",1,93,,93,93,93,93,93,93,93,0.926829278469086,,0.926829278469086,0.926829278469086,0.926829278469086,0.926829278469086,0.926829278469086,0.926829278469086,0.926829278469086,29.1958904109589,,29.1958904109589,29.1958904109589,29.1958904109589,29.1958904109589,29.1958904109589,29.1958904109589,29.1958904109589,0,,,,,,,,,,1,3320,,3320,3320,3320,3320,3320,3320,3320
"[51,52)","[30,35]",1,33.2999992370605,,33.2999992370605,33.2999992370605,33.2999992370605,33.2999992370605,33.2999992370605,33.2999992370605,33.2999992370605,0.48192772269249,,0.48192772269249,0.48192772269249,0.48192772269249,0.48192772269249,0.48192772269249,0.48192772269249,0.48192772269249,30.058904109589,,30.058904109589,30.058904109589,30.058904109589,30.058904109589,30.058904109589,30.058904109589,30.058904109589,0,,,,,,,,,,1,3510,,3510,3510,3510,3510,3510,3510,3510
"[52,53)","[30,35]",1,79.4000015258789,,79.4000015258789,79.4000015258789,79.4000015258789,79.4000015258789,79.4000015258789,79.4000015258789,79.4000015258789,0.940594077110291,,0.940594077110291,0.940594077110291,0.940594077110291,0.940594077110291,0.940594077110291,0.940594077110291,0.940594077110291,32.5844748858448,,32.5844748858448,32.5844748858448,32.5844748858448,32.5844748858448,32.5844748858448,32.5844748858448,32.5844748858448,1,21.0223668416341,,21.0223668416341,21.0223668416341,21.0223668416341,21.0223668416341,21.0223668416341,21.0223668416341,21.0223668416341,1,2735,,2735,2735,2735,2735,2735,2735,2735
"[53,54)","[20,25)",1,25,,25,25,25,25,25,25,25,0.282051295042038,,0.282051295042038,0.282051295042038,0.282051295042038,0.282051295042038,0.282051295042038,0.282051295042038,0.282051295042038,24.0640410958904,,24.0640410958904,24.0640410958904,24.0640410958904,24.0640410958904,24.0640410958904,24.0640410958904,24.0640410958904,0,,,,,,,,,,1,4050,,4050,4050,4050,4050,4050,4050,4050
"[53,54)","[25,30)",1,44,,44,44,44,44,44,44,44,0.512195110321045,,0.512195110321045,0.512195110321045,0.512195110321045,0.512195110321045,0.512195110321045,0.512195110321045,0.512195110321045,29.8071917808219,,29.8071917808219,29.8071917808219,29.8071917808219,29.8071917808219,29.8071917808219,29.8071917808219,29.8071917808219,0,,,,,,,,,,1,2842,,2842,2842,2842,2842,2842,2842,2842
"[54,55)","[30,35]",1,125,,125,125,125,125,125,125,125,1,,1,1,1,1,1,1,1,33.5796803652968,,33.5796803652968,33.5796803652968,33.5796803652968,33.5796803652968,33.5796803652968,33.5796803652968,33.5796803652968,0,,,,,,,,,,1,3640,,3640,3640,3640,3640,3640,3640,3640
"[55,56)","[30,35]",1,125,,125,125,125,125,125,125,125,1,,1,1,1,1,1,1,1,33.5876712328767,,33.5876712328767,33.5876712328767,33.5876712328767,33.5876712328767,33.5876712328767,33.5876712328767,33.5876712328767,0,,,,,,,,,,1,3640,,3640,3640,3640,3640,3640,3640,3640
"[56,57)","[30,35]",2,30.6000003814697,13.2936069468274,22.1400007247925,23.0800006866455,25.9000005722046,30.6000003814697,35.3000001907349,38.120000076294,39.060000038147,0.421686761081219,0.374851805262784,0.183132532984018,0.209638558328152,0.289156634360552,0.421686761081219,0.554216887801886,0.633734963834286,0.660240989178419,30.246404109589,0.327480846035825,30.0379965753425,30.0611529680365,30.1306221461187,30.246404109589,30.3621860730594,30.4316552511416,30.4548116438356,0,,,,,,,,,,2,2987.5,166.170093578839,2881.75,2893.5,2928.75,2987.5,3046.25,3081.5,3093.25
"[57,58)","[25,30)",1,28,,28,28,28,28,28,28,28,0.446428567171097,,0.446428567171097,0.446428567171097,0.446428567171097,0.446428567171097,0.446428567171097,0.446428567171097,0.446428567171097,25.3655251141553,,25.3655251141553,25.3655251141553,25.3655251141553,25.3655251141553,25.3655251141553,25.3655251141553,25.3655251141553,0,,,,,,,,,,1,3010,,3010,3010,3010,3010,3010,3010,3010
"[57,58)","[30,35]",1,17,,17,17,17,17,17,17,17,0.0891089141368866,,0.0891089141368866,0.0891089141368866,0.0891089141368866,0.0891089141368866,0.0891089141368866,0.0891089141368866,0.0891089141368866,32.8670091324201,,32.8670091324201,32.8670091324201,32.8670091324201,32.8670091324201,32.8670091324201,32.8670091324201,32.8670091324201,0,,,,,,,,,,1,4506,,4506,4506,4506,4506,4506,4506,4506
"[58,59)","[25,30)",1,106.400001525879,,106.400001525879,106.400001525879,106.400001525879,106.400001525879,106.400001525879,106.400001525879,106.400001525879,0.951219499111176,,0.951219499111176,0.951219499111176,0.951219499111176,0.951219499111176,0.951219499111176,0.951219499111176,0.951219499111176,29.4779680365297,,29.4779680365297,29.4779680365297,29.4779680365297,29.4779680365297,29.4779680365297,29.4779680365297,29.4779680365297,0,,,,,,,,,,1,3142,,3142,3142,3142,3142,3142,3142,3142
"[58,59)","[30,35]",1,31,,31,31,31,31,31,31,31,0.405405402183533,,0.405405402183533,0.405405402183533,0.405405402183533,0.405405402183533,0.405405402183533,0.405405402183533,0.405405402183533,33.1187214611872,,33.1187214611872,33.1187214611872,33.1187214611872,33.1187214611872,33.1187214611872,33.1187214611872,33.1187214611872,0,,,,,,,,,,1,3645,,3645,3645,3645,3645,3645,3645,3645
"[59,60)","[25,30)",1,23.3999996185303,,23.3999996185303,23.3999996185303,23.3999996185303,23.3999996185303,23.3999996185303,23.3999996185303,23.3999996185303,0.233766227960587,,0.233766227960587,0.233766227960587,0.233766227960587,0.233766227960587,0.233766227960587,0.233766227960587,0.233766227960587,27.633904109589,,27.633904109589,27.633904109589,27.633904109589,27.633904109589,27.633904109589,27.633904109589,27.633904109589,1,20.8468335469564,,20.8468335469564,20.8468335469564,20.8468335469564,20.8468335469564,20.8468335469564,20.8468335469564,20.8468335469564,1,2875,,2875,2875,2875,2875,2875,2875,2875
"[61,62)","[30,35]",2,32.25,14.4956890143242,23.025,24.05,27.125,32.25,37.375,40.45,41.475,0.437991581857204,0.31750288352195,0.235933984071016,0.258384828269482,0.325737360864878,0.437991581857204,0.550245802849531,0.617598335444927,0.640049179643393,32.872203196347,2.32077934542174,31.3952682648402,31.5593721461187,32.0516837899543,32.872203196347,33.6927226027397,34.1850342465753,34.3491381278539,1,19.5681991577148,,19.5681991577148,19.5681991577148,19.5681991577148,19.5681991577148,19.5681991577148,19.5681991577148,19.5681991577148,2,3741,270.114790413261,3569.1,3588.2,3645.5,3741,3836.5,3893.8,3912.9
"[62,63)","[30,35]",1,14.5,,14.5,14.5,14.5,14.5,14.5,14.5,14.5,0.059405941516161,,0.059405941516161,0.059405941516161,0.059405941516161,0.059405941516161,0.059405941516161,0.059405941516161,0.059405941516161,32.0971461187215,,32.0971461187215,32.0971461187215,32.0971461187215,32.0971461187215,32.0971461187215,32.0971461187215,32.0971461187215,1,20.7031002044678,,20.7031002044678,20.7031002044678,20.7031002044678,20.7031002044678,20.7031002044678,20.7031002044678,20.7031002044678,1,2640,,2640,2640,2640,2640,2640,2640,2640
"[64,65)","[30,35]",2,41.5500001907349,41.6485891421478,15.0450003623962,17.9900003433228,26.8250002861023,41.5500001907349,56.2750000953674,65.110000038147,68.0550000190735,0.463616829365492,0.604537056880458,0.0788918022066355,0.121639027446508,0.249880703166127,0.463616829365492,0.677352955564857,0.805594631284475,0.848341856524348,31.3927511415525,1.60414760987674,30.3718778538813,30.4853082191781,30.8255993150685,31.3927511415525,31.9599029680365,32.3001940639269,32.4136244292237,1,24.005500793457,,24.005500793457,24.005500793457,24.005500793457,24.005500793457,24.005500793457,24.005500793457,24.005500793457,2,2564,605.283404695685,2178.8,2221.6,2350,2564,2778,2906.4,2949.2
"[66,67)","[30,35]",1,35.5999984741211,,35.5999984741211,35.5999984741211,35.5999984741211,35.5999984741211,35.5999984741211,35.5999984741211,35.5999984741211,0.554455459117889,,0.554455459117889,0.554455459117889,0.554455459117889,0.554455459117889,0.554455459117889,0.554455459117889,0.554455459117889,32.4481735159817,,32.4481735159817,32.4481735159817,32.4481735159817,32.4481735159817,32.4481735159817,32.4481735159817,32.4481735159817,1,19.1326999664307,,19.1326999664307,19.1326999664307,19.1326999664307,19.1326999664307,19.1326999664307,19.1326999664307,19.1326999664307,1,3075,,3075,3075,3075,3075,3075,3075,3075
"[67,68)","[25,30)",1,64,,64,64,64,64,64,64,64,0.853932559490204,,0.853932559490204,0.853932559490204,0.853932559490204,0.853932559490204,0.853932559490204,0.853932559490204,0.853932559490204,28.559703196347,,28.559703196347,28.559703196347,28.559703196347,28.559703196347,28.559703196347,28.559703196347,28.559703196347,1,27.4317331314087,,27.4317331314087,27.4317331314087,27.4317331314087,27.4317331314087,27.4317331314087,27.4317331314087,27.4317331314087,1,3268,,3268,3268,3268,3268,3268,3268,3268
"[67,68)","[30,35]",1,36.7999992370606,,36.7999992370606,36.7999992370606,36.7999992370606,36.7999992370606,36.7999992370606,36.7999992370606,36.7999992370606,0.574257433414459,,0.574257433414459,0.574257433414459,0.574257433414459,0.574257433414459,0.574257433414459,0.574257433414459,0.574257433414459,32.6666666666667,,32.6666666666667,32.6666666666667,32.6666666666667,32.6666666666667,32.6666666666667,32.6666666666667,32.6666666666667,0,,,,,,,,,,1,2727,,2727,2727,2727,2727,2727,2727,2727
"[68,69)","[25,30)",4,28.75,16.4797855973108,12.9,13.8,16.5,28,40.25,44.3,45.65,0.317906263284385,0.325381474471257,0.0291158532723784,0.0460365850478411,0.096798780374229,0.257621943950653,0.478729426860809,0.638003396987915,0.691094720363617,27.7674086757991,2.00708195946612,25.5706906392694,25.8062214611872,26.5128139269406,28.1599315068493,29.4145262557078,29.4145776255708,29.4145947488585,2,26.6060996055603,5.98268850075701,22.7987399578095,23.2217799186707,24.4908998012543,26.6060996055603,28.7212994098663,29.99041929245,30.4134592533112,4,2830,80.3118920210451,2782.25,2784.5,2791.25,2795,2833.75,2903.5,2926.75
"[68,69)","[30,35]",1,15,,15,15,15,15,15,15,15,0.0602409653365612,,0.0602409653365612,0.0602409653365612,0.0602409653365612,0.0602409653365612,0.0602409653365612,0.0602409653365612,0.0602409653365612,30.4796803652968,,30.4796803652968,30.4796803652968,30.4796803652968,30.4796803652968,30.4796803652968,30.4796803652968,30.4796803652968,1,29.5158996582031,,29.5158996582031,29.5158996582031,29.5158996582031,29.5158996582031,29.5158996582031,29.5158996582031,29.5158996582031,1,3315,,3315,3315,3315,3315,3315,3315,3315
"[69,70)","[30,35]",2,28.8999996185303,8.62670326995554,23.4099992752075,24.0199993133545,25.8499994277954,28.8999996185303,31.9499998092651,33.7799999237061,34.389999961853,0.338896118104458,0.189613287190615,0.218226961046457,0.231634645164013,0.27185769751668,0.338896118104458,0.405934538692236,0.446157591044903,0.459565275162458,32.0297374429224,2.37308587444101,30.5195148401827,30.6873173515982,31.1907248858448,32.0297374429224,32.86875,33.3721575342466,33.5399600456621,1,36.9902992248535,,36.9902992248535,36.9902992248535,36.9902992248535,36.9902992248535,36.9902992248535,36.9902992248535,36.9902992248535,2,3477.5,745.997654151808,3002.75,3055.5,3213.75,3477.5,3741.25,3899.5,3952.25
"[70,71)","[25,30)",1,23,,23,23,23,23,23,23,23,0.213483139872551,,0.213483139872551,0.213483139872551,0.213483139872551,0.213483139872551,0.213483139872551,0.213483139872551,0.213483139872551,28.3488584474886,,28.3488584474886,28.3488584474886,28.3488584474886,28.3488584474886,28.3488584474886,28.3488584474886,28.3488584474886,1,27.0993003845215,,27.0993003845215,27.0993003845215,27.0993003845215,27.0993003845215,27.0993003845215,27.0993003845215,27.0993003845215,1,3310,,3310,3310,3310,3310,3310,3310,3310
"[72,73)","[30,35]",1,36.7999992370606,,36.7999992370606,36.7999992370606,36.7999992370606,36.7999992370606,36.7999992370606,36.7999992370606,36.7999992370606,0.574257433414459,,0.574257433414459,0.574257433414459,0.574257433414459,0.574257433414459,0.574257433414459,0.574257433414459,0.574257433414459,32.1543378995434,,32.1543378995434,32.1543378995434,32.1543378995434,32.1543378995434,32.1543378995434,32.1543378995434,32.1543378995434,1,20.1347999572754,,20.1347999572754,20.1347999572754,20.1347999572754,20.1347999572754,20.1347999572754,20.1347999572754,20.1347999572754,1,3840,,3840,3840,3840,3840,3840,3840,3840
"[74,75)","[30,35]",1,47,,47,47,47,47,47,47,47,0.662162184715271,,0.662162184715271,0.662162184715271,0.662162184715271,0.662162184715271,0.662162184715271,0.662162184715271,0.662162184715271,33.4065068493151,,33.4065068493151,33.4065068493151,33.4065068493151,33.4065068493151,33.4065068493151,33.4065068493151,33.4065068493151,0,,,,,,,,,,1,3090,,3090,3090,3090,3090,3090,3090,3090
"[77,78)","[30,35]",1,17.6000003814697,,17.6000003814697,17.6000003814697,17.6000003814697,17.6000003814697,17.6000003814697,17.6000003814697,17.6000003814697,0.0674157291650772,,0.0674157291650772,0.0674157291650772,0.0674157291650772,0.0674157291650772,0.0674157291650772,0.0674157291650772,0.0674157291650772,31.8174657534247,,31.8174657534247,31.8174657534247,31.8174657534247,31.8174657534247,31.8174657534247,31.8174657534247,31.8174657534247,1,20.8299999237061,,20.8299999237061,20.8299999237061,20.8299999237061,20.8299999237061,20.8299999237061,20.8299999237061,20.8299999237061,0,,,,,,,,,
"[79,80)","[25,30)",1,28.1000003814697,,28.1000003814697,28.1000003814697,28.1000003814697,28.1000003814697,28.1000003814697,28.1000003814697,28.1000003814697,0.302325576543808,,0.302325576543808,0.302325576543808,0.302325576543808,0.302325576543808,0.302325576543808,0.302325576543808,0.302325576543808,26.1713470319635,,26.1713470319635,26.1713470319635,26.1713470319635,26.1713470319635,26.1713470319635,26.1713470319635,26.1713470319635,0,,,,,,,,,,1,2486,,2486,2486,2486,2486,2486,2486,2486
