"","age","ALBUMIN","BPs","CHOLESTEROL","CHOLESTEROL_LDL","CREATININE_BLOOD","FERRITIN","FIBRINOGEN","GLUCOSE_BLOOD","HEMOGLOBIN_A1C_CALCULATED","LACTIC_DEHYDROGENASE_LDH__BLOOD","TRIGLYCERIDES","PHOSPHATASE_ALKALINE","ALT_Alanine_aminotransferase_GPT","RDW","SPECIFIC_GRAVITY","TRANSFERRIN","URIC_ACID","UREA_BLOOD","PROTEIN_TOTAL_BLOOD","MCV","T3_FREE","BPd","Na","K","LYMP","GAMMA_GLUTAMYL_TRANSPEPTIDASE","AST_Aspartate_aminotransferase_GOT","BMI","BILIRUBIN_TOTAL","MONO","RBC","PHOSPHORUS_BLOOD","PLT","HCT","CALCIUM_BLOOD","CK_CREAT","MCHC","NEUT","BASOPHILES_abs","HGB","GLOBULIN","TSH_THYROID_STIMULATING_HORMONE","WBC","EOS","FOLIC_ACID","T4_FREE","IRON","MPV","CHOLESTEROL_HDL","Cl"
"age",37207,29131,25457,32236,13785,29127,19307,2717,16189,32855,26626,14139,26751,29088,32916,2342,9005,29120,29123,29118,32916,4447,25333,29131,29123,32795,29126,29068,33981,26739,32795,32916,29123,32915,32843,29114,14538,32823,32795,32795,32916,29118,1506,32915,32795,15918,4449,29108,32915,4503,29131
"ALBUMIN",29131,29131,23929,29115,13744,29127,17911,2669,14182,29082,26625,14098,26750,29087,29085,2242,8965,29119,29123,29118,29085,4443,23821,29130,29122,28974,29125,29067,28711,26739,28974,29085,29123,29084,29103,29113,14537,29084,28974,28974,29085,29118,1506,29085,28974,12702,4445,29108,29084,4501,29130
"BPs",25457,23929,25457,23996,11249,23926,13280,2622,11781,24334,21591,11569,21654,23890,24365,2268,4692,23920,23924,23919,24365,4246,25333,23928,23925,24261,23925,23883,25114,21643,24261,24365,23924,24364,24295,23914,10019,24277,24261,24261,24365,23919,1432,24364,24261,9417,4248,23909,24364,4324,23928
"CHOLESTEROL",32236,29115,23996,32236,13785,29111,19153,2664,15911,32186,26614,14139,26739,29072,32179,2254,8971,29104,29107,29102,32179,4447,23888,29115,29107,32062,29110,29052,31772,26727,32062,32179,29107,32178,32197,29098,14532,32178,32062,32062,32179,29102,1506,32178,32062,15748,4449,29092,32178,4502,29115
"CHOLESTEROL_LDL",13785,13744,11249,13785,13785,13742,8380,1195,13767,13757,12643,13785,12679,13731,13766,1074,4304,13735,13738,13738,13766,2131,11204,13744,13739,13716,13739,13721,13598,12674,13716,13766,13737,13765,13773,13733,6925,13766,13716,13716,13766,13738,682,13765,13716,6056,2133,13733,13765,1991,13744
"CREATININE_BLOOD",29127,29127,23926,29111,13742,29127,17908,2669,14178,29078,26623,14095,26748,29086,29082,2241,8963,29117,29122,29117,29082,4442,23818,29126,29118,28971,29123,29066,28707,26737,28971,29082,29121,29081,29100,29111,14536,29081,28971,28971,29082,29117,1506,29082,28971,12699,4444,29107,29081,4501,29126
"FERRITIN",19307,17911,13280,19153,8380,17908,19307,2697,9470,19277,15433,8664,15535,17894,19280,1107,8979,17906,17904,17904,19280,1827,13238,17912,17905,19198,17909,17875,19021,15529,19198,19280,17905,19280,19270,17906,7984,19262,19198,19198,19280,17904,1505,19279,19198,7483,1828,17903,19280,4501,17912
"FIBRINOGEN",2717,2669,2622,2664,1195,2669,2697,2717,1369,2716,1287,1340,1287,2669,2716,0,1392,2669,2669,2669,2716,0,2601,2669,2669,2705,2669,2669,2627,1287,2705,2716,2669,2716,2716,2669,0,2716,2705,2705,2716,2669,889,2716,2705,0,0,2669,2716,2664,2669
"GLUCOSE_BLOOD",16189,14182,11781,15911,13767,14178,9470,1369,16189,16160,12957,14114,12995,14168,16160,1092,4463,14173,14175,14173,16160,2151,11731,14182,14177,16101,14177,14158,15959,12990,16101,16160,14175,16159,16134,14171,7064,16126,16101,16101,16160,14173,757,16159,16101,7977,2153,14170,16159,2220,14182
"HEMOGLOBIN_A1C_CALCULATED",32855,29082,24334,32186,13757,29078,19277,2716,16160,32855,26578,14111,26703,29039,32796,2272,8993,29071,29074,29069,32796,4435,24222,29082,29074,32679,29077,29019,32371,26692,32679,32796,29074,32795,32732,29065,14515,32713,32679,32679,32796,29069,1505,32795,32679,15894,4437,29060,32795,4501,29082
"LACTIC_DEHYDROGENASE_LDH__BLOOD",26626,26625,21591,26614,12643,26623,15433,1287,12957,26578,26626,12876,26626,26624,26581,2240,6534,26619,26620,26614,26581,4441,21494,26626,26626,26484,26626,26619,26309,26620,26484,26581,26619,26580,26599,26611,14452,26580,26484,26484,26581,26614,698,26581,26484,12635,4443,26614,26580,2129,26626
"TRIGLYCERIDES",14139,14098,11569,14139,13785,14095,8664,1340,14114,14111,12876,14139,12914,14084,14117,1089,4442,14089,14092,14089,14117,2155,11520,14098,14093,14060,14093,14074,13938,12909,14060,14117,14091,14116,14125,14087,6973,14117,14060,14060,14117,14089,758,14116,14060,6096,2157,14086,14116,2227,14098
"PHOSPHATASE_ALKALINE",26751,26750,21654,26739,12679,26748,15535,1287,12995,26703,26626,12914,26751,26712,26706,2242,6607,26743,26745,26739,26706,4443,21557,26751,26744,26609,26750,26692,26432,26738,26609,26706,26744,26705,26724,26736,14538,26705,26609,26609,26706,26739,698,26706,26609,12698,4445,26732,26705,2129,26751
"ALT_Alanine_aminotransferase_GPT",29088,29087,23890,29072,13731,29086,17894,2669,14168,29039,26624,14084,26712,29088,29043,2239,8963,29081,29082,29077,29043,4440,23782,29088,29083,28932,29088,29068,28670,26704,28932,29043,29081,29042,29061,29073,14535,29042,28932,28932,29043,29077,1506,29043,28932,12695,4442,29075,29042,4501,29088
"RDW",32916,29085,24365,32179,13766,29082,19280,2716,16160,32796,26581,14117,26706,29043,32916,2271,8999,29074,29077,29074,32916,4436,24252,29085,29077,32795,29080,29023,32428,26694,32795,32916,29077,32915,32823,29068,14513,32823,32795,32795,32916,29074,1505,32915,32795,15884,4438,29063,32915,4500,29085
"SPECIFIC_GRAVITY",2342,2242,2268,2254,1074,2241,1107,0,1092,2272,2240,1089,2242,2239,2271,2342,0,2242,2242,2241,2271,2228,2254,2242,2241,2263,2242,2239,2318,2241,2263,2271,2242,2271,2271,2242,0,2271,2263,2263,2271,2241,0,2270,2263,0,2228,2240,2271,0,2242
"TRANSFERRIN",9005,8965,4692,8971,4304,8963,8979,1392,4463,8993,6534,4442,6607,8963,8999,0,9005,8959,8959,8959,8999,0,4674,8965,8965,8979,8963,8959,8811,6607,8979,8999,8959,8999,9001,8959,6607,8999,8979,8979,8999,8959,800,8999,8979,4832,0,8963,8999,2353,8965
"URIC_ACID",29120,29119,23920,29104,13735,29117,17906,2669,14173,29071,26619,14089,26743,29081,29074,2242,8959,29120,29118,29113,29074,4443,23812,29120,29112,28963,29119,29065,28700,26732,28963,29074,29118,29073,29092,29109,14531,29073,28963,28963,29074,29113,1506,29074,28963,12692,4445,29101,29073,4501,29120
"UREA_BLOOD",29123,29123,23924,29107,13738,29122,17904,2669,14175,29074,26620,14092,26745,29082,29077,2242,8959,29118,29123,29116,29077,4443,23816,29123,29115,28966,29120,29066,28703,26734,28966,29077,29121,29076,29095,29112,14532,29076,28966,28966,29077,29116,1506,29077,28966,12694,4445,29103,29076,4501,29123
"PROTEIN_TOTAL_BLOOD",29118,29118,23919,29102,13738,29117,17904,2669,14173,29069,26614,14089,26739,29077,29074,2241,8959,29113,29116,29118,29074,4440,23811,29117,29109,28964,29114,29061,28698,26728,28964,29074,29117,29073,29091,29106,14529,29073,28964,28964,29074,29118,1506,29074,28964,12692,4442,29098,29073,4501,29117
"MCV",32916,29085,24365,32179,13766,29082,19280,2716,16160,32796,26581,14117,26706,29043,32916,2271,8999,29074,29077,29074,32916,4436,24252,29085,29077,32795,29080,29023,32428,26694,32795,32916,29077,32915,32823,29068,14513,32823,32795,32795,32916,29074,1505,32915,32795,15884,4438,29063,32915,4500,29085
"T3_FREE",4447,4443,4246,4447,2131,4442,1827,0,2151,4435,4441,2155,4443,4440,4436,2228,0,4443,4443,4440,4436,4447,4221,4443,4442,4422,4443,4440,4389,4440,4422,4436,4442,4435,4436,4443,800,4436,4422,4422,4436,4440,0,4436,4422,797,4447,4440,4435,0,4443
"BPd",25333,23821,25333,23888,11204,23818,13238,2601,11731,24222,21494,11520,21557,23782,24252,2254,4674,23812,23816,23811,24252,4221,25333,23820,23817,24150,23817,23775,24996,21546,24150,24252,23816,24251,24184,23806,9993,24166,24150,24150,24252,23811,1419,24251,24150,9397,4223,23801,24251,4297,23820
"Na",29131,29130,23928,29115,13744,29126,17912,2669,14182,29082,26626,14098,26751,29088,29085,2242,8965,29120,29123,29117,29085,4443,23820,29131,29123,28974,29126,29068,28711,26739,28974,29085,29122,29084,29103,29114,14538,29084,28974,28974,29085,29117,1506,29085,28974,12702,4445,29108,29084,4501,29131
"K",29123,29122,23925,29107,13739,29118,17905,2669,14177,29074,26626,14093,26744,29083,29077,2241,8965,29112,29115,29109,29077,4442,23817,29123,29123,28966,29119,29068,28703,26732,28966,29077,29114,29076,29095,29106,14535,29076,28966,28966,29077,29109,1506,29077,28966,12697,4444,29102,29076,4501,29123
"LYMP",32795,28974,24261,32062,13716,28971,19198,2705,16101,32679,26484,14060,26609,28932,32795,2263,8979,28963,28966,28964,32795,4422,24150,28974,28966,32795,28969,28912,32309,26598,32795,32795,28966,32795,32703,28957,14492,32703,32795,32795,32795,28964,1496,32795,32795,15862,4424,28953,32795,4461,28974
"GAMMA_GLUTAMYL_TRANSPEPTIDASE",29126,29125,23925,29110,13739,29123,17909,2669,14177,29077,26626,14093,26750,29088,29080,2242,8963,29119,29120,29114,29080,4443,23817,29126,29119,28969,29126,29068,28706,26738,28969,29080,29119,29079,29098,29111,14538,29079,28969,28969,29080,29114,1506,29080,28969,12698,4445,29108,29079,4501,29126
"AST_Aspartate_aminotransferase_GOT",29068,29067,23883,29052,13721,29066,17875,2669,14158,29019,26619,14074,26692,29068,29023,2239,8959,29065,29066,29061,29023,4440,23775,29068,29068,28912,29068,29068,28650,26686,28912,29023,29065,29022,29041,29057,14519,29022,28912,28912,29023,29061,1506,29023,28912,12680,4442,29057,29022,4501,29068
"BMI",33981,28711,25114,31772,13598,28707,19021,2627,15959,32371,26309,13938,26432,28670,32428,2318,8811,28700,28703,28698,32428,4389,24996,28711,28703,32309,28706,28650,33981,26420,32309,32428,28703,32427,32356,28694,14357,32336,32309,32309,32428,28698,1466,32427,32309,15728,4391,28688,32427,4387,28711
"BILIRUBIN_TOTAL",26739,26739,21643,26727,12674,26737,15529,1287,12990,26692,26620,12909,26738,26704,26694,2241,6607,26732,26734,26728,26694,4440,21546,26739,26732,26598,26738,26686,26420,26739,26598,26694,26733,26693,26712,26724,14533,26693,26598,26598,26694,26728,698,26694,26598,12694,4442,26730,26693,2129,26739
"MONO",32795,28974,24261,32062,13716,28971,19198,2705,16101,32679,26484,14060,26609,28932,32795,2263,8979,28963,28966,28964,32795,4422,24150,28974,28966,32795,28969,28912,32309,26598,32795,32795,28966,32795,32703,28957,14492,32703,32795,32795,32795,28964,1496,32795,32795,15862,4424,28953,32795,4461,28974
"RBC",32916,29085,24365,32179,13766,29082,19280,2716,16160,32796,26581,14117,26706,29043,32916,2271,8999,29074,29077,29074,32916,4436,24252,29085,29077,32795,29080,29023,32428,26694,32795,32916,29077,32915,32823,29068,14513,32823,32795,32795,32916,29074,1505,32915,32795,15884,4438,29063,32915,4500,29085
"PHOSPHORUS_BLOOD",29123,29123,23924,29107,13737,29121,17905,2669,14175,29074,26619,14091,26744,29081,29077,2242,8959,29118,29121,29117,29077,4442,23816,29122,29114,28966,29119,29065,28703,26733,28966,29077,29123,29076,29095,29111,14532,29076,28966,28966,29077,29117,1506,29077,28966,12695,4444,29102,29076,4501,29122
"PLT",32915,29084,24364,32178,13765,29081,19280,2716,16159,32795,26580,14116,26705,29042,32915,2271,8999,29073,29076,29073,32915,4435,24251,29084,29076,32795,29079,29022,32427,26693,32795,32915,29076,32915,32822,29067,14512,32822,32795,32795,32915,29073,1505,32914,32795,15883,4437,29062,32915,4500,29084
"HCT",32843,29103,24295,32197,13773,29100,19270,2716,16134,32732,26599,14125,26724,29061,32823,2271,9001,29092,29095,29091,32823,4436,24184,29103,29095,32703,29098,29041,32356,26712,32703,32823,29095,32822,32843,29086,14531,32823,32703,32703,32823,29091,1505,32822,32703,15869,4438,29081,32822,4500,29103
"CALCIUM_BLOOD",29114,29113,23914,29098,13733,29111,17906,2669,14171,29065,26611,14087,26736,29073,29068,2242,8959,29109,29112,29106,29068,4443,23806,29114,29106,28957,29111,29057,28694,26724,28957,29068,29111,29067,29086,29114,14523,29067,28957,28957,29068,29106,1506,29068,28957,12685,4445,29099,29067,4501,29114
"CK_CREAT",14538,14537,10019,14532,6925,14536,7984,0,7064,14515,14452,6973,14538,14535,14513,0,6607,14531,14532,14529,14513,800,9993,14538,14535,14492,14538,14519,14357,14533,14492,14513,14532,14512,14531,14523,14538,14512,14492,14492,14513,14529,0,14513,14492,12694,801,14527,14512,0,14538
"MCHC",32823,29084,24277,32178,13766,29081,19262,2716,16126,32713,26580,14117,26705,29042,32823,2271,8999,29073,29076,29073,32823,4436,24166,29084,29076,32703,29079,29022,32336,26693,32703,32823,29076,32822,32823,29067,14512,32823,32703,32703,32823,29073,1505,32822,32703,15850,4438,29062,32822,4500,29084
"NEUT",32795,28974,24261,32062,13716,28971,19198,2705,16101,32679,26484,14060,26609,28932,32795,2263,8979,28963,28966,28964,32795,4422,24150,28974,28966,32795,28969,28912,32309,26598,32795,32795,28966,32795,32703,28957,14492,32703,32795,32795,32795,28964,1496,32795,32795,15862,4424,28953,32795,4461,28974
"BASOPHILES_abs",32795,28974,24261,32062,13716,28971,19198,2705,16101,32679,26484,14060,26609,28932,32795,2263,8979,28963,28966,28964,32795,4422,24150,28974,28966,32795,28969,28912,32309,26598,32795,32795,28966,32795,32703,28957,14492,32703,32795,32795,32795,28964,1496,32795,32795,15862,4424,28953,32795,4461,28974
"HGB",32916,29085,24365,32179,13766,29082,19280,2716,16160,32796,26581,14117,26706,29043,32916,2271,8999,29074,29077,29074,32916,4436,24252,29085,29077,32795,29080,29023,32428,26694,32795,32916,29077,32915,32823,29068,14513,32823,32795,32795,32916,29074,1505,32915,32795,15884,4438,29063,32915,4500,29085
"GLOBULIN",29118,29118,23919,29102,13738,29117,17904,2669,14173,29069,26614,14089,26739,29077,29074,2241,8959,29113,29116,29118,29074,4440,23811,29117,29109,28964,29114,29061,28698,26728,28964,29074,29117,29073,29091,29106,14529,29073,28964,28964,29074,29118,1506,29074,28964,12692,4442,29098,29073,4501,29117
"TSH_THYROID_STIMULATING_HORMONE",1506,1506,1432,1506,682,1506,1505,889,757,1505,698,758,698,1506,1505,0,800,1506,1506,1506,1505,0,1419,1506,1506,1496,1506,1506,1466,698,1496,1505,1506,1505,1505,1506,0,1505,1496,1496,1505,1506,1506,1505,1496,0,0,1506,1505,1506,1506
"WBC",32915,29085,24364,32178,13765,29082,19279,2716,16159,32795,26581,14116,26706,29043,32915,2270,8999,29074,29077,29074,32915,4436,24251,29085,29077,32795,29080,29023,32427,26694,32795,32915,29077,32914,32822,29068,14513,32822,32795,32795,32915,29074,1505,32915,32795,15884,4438,29063,32914,4500,29085
"EOS",32795,28974,24261,32062,13716,28971,19198,2705,16101,32679,26484,14060,26609,28932,32795,2263,8979,28963,28966,28964,32795,4422,24150,28974,28966,32795,28969,28912,32309,26598,32795,32795,28966,32795,32703,28957,14492,32703,32795,32795,32795,28964,1496,32795,32795,15862,4424,28953,32795,4461,28974
"FOLIC_ACID",15918,12702,9417,15748,6056,12699,7483,0,7977,15894,12635,6096,12698,12695,15884,0,4832,12692,12694,12692,15884,797,9397,12702,12697,15862,12698,12680,15728,12694,15862,15884,12695,15883,15869,12685,12694,15850,15862,15862,15884,12692,0,15884,15862,15918,798,12687,15883,0,12702
"T4_FREE",4449,4445,4248,4449,2133,4444,1828,0,2153,4437,4443,2157,4445,4442,4438,2228,0,4445,4445,4442,4438,4447,4223,4445,4444,4424,4445,4442,4391,4442,4424,4438,4444,4437,4438,4445,801,4438,4424,4424,4438,4442,0,4438,4424,798,4449,4442,4437,0,4445
"IRON",29108,29108,23909,29092,13733,29107,17903,2669,14170,29060,26614,14086,26732,29075,29063,2240,8963,29101,29103,29098,29063,4440,23801,29108,29102,28953,29108,29057,28688,26730,28953,29063,29102,29062,29081,29099,14527,29062,28953,28953,29063,29098,1506,29063,28953,12687,4442,29108,29062,4501,29108
"MPV",32915,29084,24364,32178,13765,29081,19280,2716,16159,32795,26580,14116,26705,29042,32915,2271,8999,29073,29076,29073,32915,4435,24251,29084,29076,32795,29079,29022,32427,26693,32795,32915,29076,32915,32822,29067,14512,32822,32795,32795,32915,29073,1505,32914,32795,15883,4437,29062,32915,4500,29084
"CHOLESTEROL_HDL",4503,4501,4324,4502,1991,4501,4501,2664,2220,4501,2129,2227,2129,4501,4500,0,2353,4501,4501,4501,4500,0,4297,4501,4501,4461,4501,4501,4387,2129,4461,4500,4501,4500,4500,4501,0,4500,4461,4461,4500,4501,1506,4500,4461,0,0,4501,4500,4503,4501
"Cl",29131,29130,23928,29115,13744,29126,17912,2669,14182,29082,26626,14098,26751,29088,29085,2242,8965,29120,29123,29117,29085,4443,23820,29131,29123,28974,29126,29068,28711,26739,28974,29085,29122,29084,29103,29114,14538,29084,28974,28974,29085,29117,1506,29085,28974,12702,4445,29108,29084,4501,29131
